"scenario_id","replicate_id","n","J","J_block","K1","K2","ARI_Q","RMSE_B","RMSE_eta","elapsed_min","seed","path"
1,1,500,48,24,2,2,0.845102605791625,0.106866288660601,0.235167510343801,0.426294501622518,1010001,"result/fits/scenario_01_n500_J24_K2/replicate_001.rds"
1,2,500,48,24,2,2,0.812649481796439,0.0991913767716164,0.301605687806837,0.420871504147848,1010002,"result/fits/scenario_01_n500_J24_K2/replicate_002.rds"
1,3,500,48,24,2,2,0.807168854086247,0.116099629066842,0.195903604693419,0.408958446979523,1010003,"result/fits/scenario_01_n500_J24_K2/replicate_003.rds"
1,4,500,48,24,2,2,0.927083108879743,0.0963733681350278,0.181568280021384,0.408876872062683,1010004,"result/fits/scenario_01_n500_J24_K2/replicate_004.rds"
1,5,500,48,24,2,2,0.832050292268667,0.106499577888898,0.289066006702199,0.421183967590332,1010005,"result/fits/scenario_01_n500_J24_K2/replicate_005.rds"
1,6,500,48,24,2,2,0.886048162507508,0.107325411326574,0.25587275778578,0.421458037694295,1010006,"result/fits/scenario_01_n500_J24_K2/replicate_006.rds"
1,7,500,48,24,2,2,0.883650735054613,0.0867420260309234,0.282591977945415,0.423580205440521,1010007,"result/fits/scenario_01_n500_J24_K2/replicate_007.rds"
1,8,500,48,24,2,2,0.845102605791625,0.102506363170833,0.251685052861177,0.409236208597819,1010008,"result/fits/scenario_01_n500_J24_K2/replicate_008.rds"
1,9,500,48,24,2,2,0.895898026101496,0.100192307469842,0.19823881959491,0.424831279118856,1010009,"result/fits/scenario_01_n500_J24_K2/replicate_009.rds"
1,10,500,48,24,2,2,0.845102605791625,0.103663684054212,0.368297654743327,0.442213312784831,1010010,"result/fits/scenario_01_n500_J24_K2/replicate_010.rds"
1,11,500,48,24,2,2,0.933416330385507,0.0955462118803196,0.322096682471042,0.425960286458333,1010011,"result/fits/scenario_01_n500_J24_K2/replicate_011.rds"
1,12,500,48,24,2,2,0.920700843608047,0.0970001119296384,0.203333147917618,0.418458410104116,1010012,"result/fits/scenario_01_n500_J24_K2/replicate_012.rds"
1,13,500,48,24,2,2,0.786824376903751,0.0854723780161245,0.274378777796663,0.426657700538635,1010013,"result/fits/scenario_01_n500_J24_K2/replicate_013.rds"
1,14,500,48,24,2,2,0.776067056358222,0.105620897187612,0.145377423548037,0.42760134935379,1010014,"result/fits/scenario_01_n500_J24_K2/replicate_014.rds"
1,15,500,48,24,2,2,0.763467796951363,0.105779607234949,0.266574801812602,0.425615115960439,1010015,"result/fits/scenario_01_n500_J24_K2/replicate_015.rds"
1,16,500,48,24,2,2,0.767087816420376,0.0941200700869876,0.254100644225434,0.44247887134552,1010016,"result/fits/scenario_01_n500_J24_K2/replicate_016.rds"
1,17,500,48,24,2,2,0.960880560861353,0.106539008320226,0.29615859708909,0.415527470906576,1010017,"result/fits/scenario_01_n500_J24_K2/replicate_017.rds"
1,18,500,48,24,2,2,0.886932304591411,0.110938645293111,0.15645895647953,0.417641838391622,1010018,"result/fits/scenario_01_n500_J24_K2/replicate_018.rds"
1,19,500,48,24,2,2,0.883196721311475,0.110915386655876,0.252177268808857,0.405528700351715,1010019,"result/fits/scenario_01_n500_J24_K2/replicate_019.rds"
1,20,500,48,24,2,2,0.844491011359876,0.102485628245954,0.21219334639313,0.403178775310516,1010020,"result/fits/scenario_01_n500_J24_K2/replicate_020.rds"
1,21,500,48,24,2,2,0.923898142251104,0.101301243055379,0.13384237305537,0.406850373744965,1010021,"result/fits/scenario_01_n500_J24_K2/replicate_021.rds"
1,22,500,48,24,2,2,0.923898142251104,0.0883060394277992,0.238907023794464,0.407836695512136,1010022,"result/fits/scenario_01_n500_J24_K2/replicate_022.rds"
1,23,500,48,24,2,2,0.807168854086247,0.102541561081161,0.209056018909152,0.410256143411001,1010023,"result/fits/scenario_01_n500_J24_K2/replicate_023.rds"
1,24,500,48,24,2,2,0.963958590721254,0.0910484732881723,0.203810593847234,0.408311875661214,1010024,"result/fits/scenario_01_n500_J24_K2/replicate_024.rds"
1,25,500,48,24,2,2,0.652060717883703,0.106617872784267,0.186889479472213,0.410080019632975,1010025,"result/fits/scenario_01_n500_J24_K2/replicate_025.rds"
1,26,500,48,24,2,2,0.816860945084701,0.103431493790019,0.14479346299862,0.410614820321401,1010026,"result/fits/scenario_01_n500_J24_K2/replicate_026.rds"
1,27,500,48,24,2,2,1,0.113339778581207,0.288362268285927,0.408206641674042,1010027,"result/fits/scenario_01_n500_J24_K2/replicate_027.rds"
1,28,500,48,24,2,2,0.657335733573357,0.11233121501465,0.213728104953691,0.415821349620819,1010028,"result/fits/scenario_01_n500_J24_K2/replicate_028.rds"
1,29,500,48,24,2,2,0.921006701286388,0.0917356573195018,0.222179302734267,0.414014490445455,1010029,"result/fits/scenario_01_n500_J24_K2/replicate_029.rds"
1,30,500,48,24,2,2,0.921006701286388,0.0992427065372082,0.322669610174442,0.418038841088613,1010030,"result/fits/scenario_01_n500_J24_K2/replicate_030.rds"
1,31,500,48,24,2,2,0.838270651814272,0.0864632437392161,0.185743346544451,0.415772028764089,1010031,"result/fits/scenario_01_n500_J24_K2/replicate_031.rds"
1,32,500,48,24,2,2,0.960880560861353,0.0983165354743138,0.312275244036534,0.414946687221527,1010032,"result/fits/scenario_01_n500_J24_K2/replicate_032.rds"
1,33,500,48,24,2,2,0.816860945084701,0.105553353803164,0.273547575795629,0.417027020454407,1010033,"result/fits/scenario_01_n500_J24_K2/replicate_033.rds"
1,34,500,48,24,2,2,0.921006701286388,0.105295784106182,0.28037532387379,0.417329462369283,1010034,"result/fits/scenario_01_n500_J24_K2/replicate_034.rds"
1,35,500,48,24,2,2,0.82166354165511,0.0989220513173202,0.226029265564667,0.407212682565053,1010035,"result/fits/scenario_01_n500_J24_K2/replicate_035.rds"
1,36,500,48,24,2,2,0.883196721311475,0.107568037182636,0.253818571978073,0.411033256848653,1010036,"result/fits/scenario_01_n500_J24_K2/replicate_036.rds"
1,37,500,48,24,2,2,0.889344262295082,0.0849563162855078,0.126314761089691,0.412508356571197,1010037,"result/fits/scenario_01_n500_J24_K2/replicate_037.rds"
1,38,500,48,24,2,2,0.921006701286388,0.106786270070971,0.377082500762648,0.411980863412221,1010038,"result/fits/scenario_01_n500_J24_K2/replicate_038.rds"
1,39,500,48,24,2,2,0.816136411355825,0.106715828881472,0.300018618325217,0.412884803613027,1010039,"result/fits/scenario_01_n500_J24_K2/replicate_039.rds"
1,40,500,48,24,2,2,0.780554505636214,0.109470170002445,0.217507839905942,0.412959071000417,1010040,"result/fits/scenario_01_n500_J24_K2/replicate_040.rds"
1,41,500,48,24,2,2,0.761744891833604,0.110286037243454,0.159936207497554,0.413990183671316,1010041,"result/fits/scenario_01_n500_J24_K2/replicate_041.rds"
1,42,500,48,24,2,2,0.892627525211318,0.0957854435810398,0.147537540310315,0.42031379143397,1010042,"result/fits/scenario_01_n500_J24_K2/replicate_042.rds"
1,43,500,48,24,2,2,0.87988860372413,0.0926279382695025,0.206764244752176,0.445098956425985,1010043,"result/fits/scenario_01_n500_J24_K2/replicate_043.rds"
1,44,500,48,24,2,2,0.812649481796439,0.0908158359375484,0.166434817846682,0.388339428106944,1010044,"result/fits/scenario_01_n500_J24_K2/replicate_044.rds"
1,45,500,48,24,2,2,0.774284634368677,0.102896897306906,0.238898674403167,0.387385129928589,1010045,"result/fits/scenario_01_n500_J24_K2/replicate_045.rds"
1,46,500,48,24,2,2,0.87988860372413,0.0907462113678633,0.10891197824643,0.433099818229675,1010046,"result/fits/scenario_01_n500_J24_K2/replicate_046.rds"
1,47,500,48,24,2,2,0.886932304591411,0.0950557779382317,0.258146638684699,0.410965820153554,1010047,"result/fits/scenario_01_n500_J24_K2/replicate_047.rds"
1,48,500,48,24,2,2,0.799364119438824,0.105327902415825,0.310347425478367,0.411953298250834,1010048,"result/fits/scenario_01_n500_J24_K2/replicate_048.rds"
1,49,500,48,24,2,2,0.927083108879743,0.0982732487573818,0.227775831361908,0.419440615177155,1010049,"result/fits/scenario_01_n500_J24_K2/replicate_049.rds"
1,50,500,48,24,2,2,0.960880560861353,0.0825376574096084,0.364506018871983,0.412022312482198,1010050,"result/fits/scenario_01_n500_J24_K2/replicate_050.rds"
1,51,500,48,24,2,2,0.899155839230177,0.115517118675412,0.244209510279605,0.413869404792786,1010051,"result/fits/scenario_01_n500_J24_K2/replicate_051.rds"
1,52,500,48,24,2,2,0.963958590721254,0.100835631274576,0.234126164784787,0.412704253196716,1010052,"result/fits/scenario_01_n500_J24_K2/replicate_052.rds"
1,53,500,48,24,2,2,0.776067056358222,0.108457669170061,0.288365168881115,0.412142618497213,1010053,"result/fits/scenario_01_n500_J24_K2/replicate_053.rds"
1,54,500,48,24,2,2,0.895898026101496,0.0933000307005736,0.267655484116374,0.411732431252797,1010054,"result/fits/scenario_01_n500_J24_K2/replicate_054.rds"
1,55,500,48,24,2,2,0.963958590721254,0.0965649907854323,0.137076733469152,0.412240974108378,1010055,"result/fits/scenario_01_n500_J24_K2/replicate_055.rds"
1,56,500,48,24,2,2,0.791796052202992,0.119818270616097,0.169581019321249,0.41196649869283,1010056,"result/fits/scenario_01_n500_J24_K2/replicate_056.rds"
1,57,500,48,24,2,2,0.883196721311475,0.10980787068106,0.22566953897551,0.412029385566711,1010057,"result/fits/scenario_01_n500_J24_K2/replicate_057.rds"
1,58,500,48,24,2,2,0.960880560861353,0.0921907644009009,0.201662024833863,0.411818210283915,1010058,"result/fits/scenario_01_n500_J24_K2/replicate_058.rds"
1,59,500,48,24,2,2,0.823784179792713,0.104163573166877,0.24371435812734,0.41195166905721,1010059,"result/fits/scenario_01_n500_J24_K2/replicate_059.rds"
1,60,500,48,24,2,2,0.845102605791625,0.123467746982099,0.233347748569553,0.413004299004873,1010060,"result/fits/scenario_01_n500_J24_K2/replicate_060.rds"
1,61,500,48,24,2,2,0.933416330385507,0.0954064283515606,0.288293710020807,0.413444109757741,1010061,"result/fits/scenario_01_n500_J24_K2/replicate_061.rds"
1,62,500,48,24,2,2,0.681435123472131,0.102746395076889,0.157940612385201,0.412735525767008,1010062,"result/fits/scenario_01_n500_J24_K2/replicate_062.rds"
1,63,500,48,24,2,2,0.848498470512132,0.103209677602141,0.242433062093409,0.412748340765635,1010063,"result/fits/scenario_01_n500_J24_K2/replicate_063.rds"
1,64,500,48,24,2,2,0.883196721311475,0.115949198143068,0.251957481241005,0.413145709037781,1010064,"result/fits/scenario_01_n500_J24_K2/replicate_064.rds"
1,65,500,48,24,2,2,0.921006701286388,0.114991724532756,0.290259829150361,0.411436951160431,1010065,"result/fits/scenario_01_n500_J24_K2/replicate_065.rds"
1,66,500,48,24,2,2,0.960880560861353,0.0838265344024289,0.102145292475936,0.413636533419291,1010066,"result/fits/scenario_01_n500_J24_K2/replicate_066.rds"
1,67,500,48,24,2,2,0.741344443093788,0.108018277610184,0.252581552605202,0.412624422709147,1010067,"result/fits/scenario_01_n500_J24_K2/replicate_067.rds"
1,68,500,48,24,2,2,0.921006701286388,0.0869196904089945,0.244055504887871,0.411783186594645,1010068,"result/fits/scenario_01_n500_J24_K2/replicate_068.rds"
1,69,500,48,24,2,2,0.812649481796439,0.104412572748536,0.2579667240996,0.412781556447347,1010069,"result/fits/scenario_01_n500_J24_K2/replicate_069.rds"
1,70,500,48,24,2,2,1,0.0888102348019814,0.257675701269157,0.412098336219788,1010070,"result/fits/scenario_01_n500_J24_K2/replicate_070.rds"
1,71,500,48,24,2,2,0.927083108879743,0.0959490386625712,0.266199309134078,0.411913394927979,1010071,"result/fits/scenario_01_n500_J24_K2/replicate_071.rds"
1,72,500,48,24,2,2,0.960880560861353,0.0922567095292871,0.147694258257017,0.411927902698517,1010072,"result/fits/scenario_01_n500_J24_K2/replicate_072.rds"
1,73,500,48,24,2,2,0.886932304591411,0.100229952483558,0.438091366429079,0.412061095237732,1010073,"result/fits/scenario_01_n500_J24_K2/replicate_073.rds"
1,74,500,48,24,2,2,0.933416330385507,0.106476617622677,0.114916050283738,0.411013106505076,1010074,"result/fits/scenario_01_n500_J24_K2/replicate_074.rds"
1,75,500,48,24,2,2,0.87988860372413,0.10003991559025,0.275378016742336,0.411792472998301,1010075,"result/fits/scenario_01_n500_J24_K2/replicate_075.rds"
1,76,500,48,24,2,2,0.716728425376133,0.101473666869272,0.193229504171092,0.412661953767141,1010076,"result/fits/scenario_01_n500_J24_K2/replicate_076.rds"
1,77,500,48,24,2,2,0.844491011359876,0.0942200008242935,0.176207960847888,0.411784815788269,1010077,"result/fits/scenario_01_n500_J24_K2/replicate_077.rds"
1,78,500,48,24,2,2,0.921006701286388,0.0930157446293828,0.133916179994058,0.413813106218974,1010078,"result/fits/scenario_01_n500_J24_K2/replicate_078.rds"
1,79,500,48,24,2,2,0.815406122064061,0.106482500061379,0.239540345040732,0.412484645843506,1010079,"result/fits/scenario_01_n500_J24_K2/replicate_079.rds"
1,80,500,48,24,2,2,0.921006701286388,0.102458052885401,0.0815298274792318,0.411647979418437,1010080,"result/fits/scenario_01_n500_J24_K2/replicate_080.rds"
1,81,500,48,24,2,2,0.744965258630197,0.107196706850311,0.234281373136643,0.411657460530599,1010081,"result/fits/scenario_01_n500_J24_K2/replicate_081.rds"
1,82,500,48,24,2,2,0.927083108879743,0.0911669803675791,0.210428147795395,0.41308673620224,1010082,"result/fits/scenario_01_n500_J24_K2/replicate_082.rds"
1,83,500,48,24,2,2,0.845102605791625,0.0929662697329983,0.152755676502367,0.410998253027598,1010083,"result/fits/scenario_01_n500_J24_K2/replicate_083.rds"
1,84,500,48,24,2,2,0.886048162507508,0.100967765342975,0.174586715118525,0.41165224313736,1010084,"result/fits/scenario_01_n500_J24_K2/replicate_084.rds"
1,85,500,48,24,2,2,0.883650735054613,0.106178706958229,0.249382567922692,0.41413402557373,1010085,"result/fits/scenario_01_n500_J24_K2/replicate_085.rds"
1,86,500,48,24,2,2,0.886932304591411,0.0949683903632823,0.188147175439149,0.412328910827637,1010086,"result/fits/scenario_01_n500_J24_K2/replicate_086.rds"
1,87,500,48,24,2,2,0.927083108879743,0.0842675783252067,0.162218282962716,0.410662277539571,1010087,"result/fits/scenario_01_n500_J24_K2/replicate_087.rds"
1,88,500,48,24,2,2,0.716728425376133,0.103818114972417,0.307876323037936,0.409605753421783,1010088,"result/fits/scenario_01_n500_J24_K2/replicate_088.rds"
1,89,500,48,24,2,2,1,0.0928658769344738,0.258022907173944,0.413380865255992,1010089,"result/fits/scenario_01_n500_J24_K2/replicate_089.rds"
1,90,500,48,24,2,2,0.960880560861353,0.0901178976260058,0.204626850322606,0.412412897745768,1010090,"result/fits/scenario_01_n500_J24_K2/replicate_090.rds"
1,91,500,48,24,2,2,0.838270651814272,0.101893695499428,0.102306007713862,0.410511640707652,1010091,"result/fits/scenario_01_n500_J24_K2/replicate_091.rds"
1,92,500,48,24,2,2,0.748203044778785,0.112018084794246,0.287857450060156,0.411228426297506,1010092,"result/fits/scenario_01_n500_J24_K2/replicate_092.rds"
1,93,500,48,24,2,2,0.963958590721254,0.0892954682671482,0.250147173959769,0.410225482781728,1010093,"result/fits/scenario_01_n500_J24_K2/replicate_093.rds"
1,94,500,48,24,2,2,0.701755175517552,0.102292695139435,0.291344949232621,0.414488999048869,1010094,"result/fits/scenario_01_n500_J24_K2/replicate_094.rds"
1,95,500,48,24,2,2,0.886932304591411,0.106660916872502,0.324478979848419,0.415165170033773,1010095,"result/fits/scenario_01_n500_J24_K2/replicate_095.rds"
1,96,500,48,24,2,2,0.838270651814272,0.114283229128393,0.294923176118636,0.41608536640803,1010096,"result/fits/scenario_01_n500_J24_K2/replicate_096.rds"
1,97,500,48,24,2,2,0.748203044778785,0.0993333447152942,0.23972577301943,0.414466726779938,1010097,"result/fits/scenario_01_n500_J24_K2/replicate_097.rds"
1,98,500,48,24,2,2,0.963958590721254,0.107297250333127,0.22378786054262,0.413807384173075,1010098,"result/fits/scenario_01_n500_J24_K2/replicate_098.rds"
1,99,500,48,24,2,2,0.889344262295082,0.0948877115450123,0.175458878891008,0.413648657004038,1010099,"result/fits/scenario_01_n500_J24_K2/replicate_099.rds"
1,100,500,48,24,2,2,0.960880560861353,0.100733145086316,0.293463924966356,0.416077637672424,1010100,"result/fits/scenario_01_n500_J24_K2/replicate_100.rds"
2,1,1000,48,24,2,2,0.923898142251104,0.0753463950832048,0.155740785350664,0.787640980879466,1110001,"result/fits/scenario_02_n1000_J24_K2/replicate_001.rds"
2,2,1000,48,24,2,2,0.923898142251104,0.078796029502762,0.189002221185292,0.791075797875722,1110002,"result/fits/scenario_02_n1000_J24_K2/replicate_002.rds"
2,3,1000,48,24,2,2,0.870901639344262,0.0728028018114016,0.138923828590838,0.788254606723785,1110003,"result/fits/scenario_02_n1000_J24_K2/replicate_003.rds"
2,4,1000,48,24,2,2,1,0.0701093767961193,0.219327612794636,0.788439019521077,1110004,"result/fits/scenario_02_n1000_J24_K2/replicate_004.rds"
2,5,1000,48,24,2,2,0.883196721311475,0.0746023344244275,0.249421733124941,0.793746801217397,1110005,"result/fits/scenario_02_n1000_J24_K2/replicate_005.rds"
2,6,1000,48,24,2,2,0.883650735054613,0.0713597832375135,0.130710973115402,0.790964114665985,1110006,"result/fits/scenario_02_n1000_J24_K2/replicate_006.rds"
2,7,1000,48,24,2,2,0.927083108879743,0.0701914301653744,0.17907473242385,0.789617379506429,1110007,"result/fits/scenario_02_n1000_J24_K2/replicate_007.rds"
2,8,1000,48,24,2,2,0.895898026101496,0.0817871180718754,0.116330405404211,0.78974701166153,1110008,"result/fits/scenario_02_n1000_J24_K2/replicate_008.rds"
2,9,1000,48,24,2,2,1,0.0648649845564656,0.15502472666227,0.787639772891998,1110009,"result/fits/scenario_02_n1000_J24_K2/replicate_009.rds"
2,10,1000,48,24,2,2,0.963958590721254,0.0755944665961699,0.141432068923829,0.796764413515727,1110010,"result/fits/scenario_02_n1000_J24_K2/replicate_010.rds"
2,11,1000,48,24,2,2,0.960880560861353,0.0730558148646444,0.152605087050804,0.787039049466451,1110011,"result/fits/scenario_02_n1000_J24_K2/replicate_011.rds"
2,12,1000,48,24,2,2,0.920700843608047,0.0643019989072354,0.156953305744925,0.815129482746124,1110012,"result/fits/scenario_02_n1000_J24_K2/replicate_012.rds"
2,13,1000,48,24,2,2,0.87988860372413,0.0674869395154458,0.113351985962442,0.818265394369761,1110013,"result/fits/scenario_02_n1000_J24_K2/replicate_013.rds"
2,14,1000,48,24,2,2,0.963958590721254,0.0722215812335388,0.238142361383815,0.817748030026754,1110014,"result/fits/scenario_02_n1000_J24_K2/replicate_014.rds"
2,15,1000,48,24,2,2,1,0.0799885549925074,0.185163770767334,0.8188197016716,1110015,"result/fits/scenario_02_n1000_J24_K2/replicate_015.rds"
2,16,1000,48,24,2,2,0.960880560861353,0.0707770991330334,0.21479105928343,0.820692408084869,1110016,"result/fits/scenario_02_n1000_J24_K2/replicate_016.rds"
2,17,1000,48,24,2,2,0.87988860372413,0.0771497937870836,0.188391505698451,0.818912601470947,1110017,"result/fits/scenario_02_n1000_J24_K2/replicate_017.rds"
2,18,1000,48,24,2,2,0.760792892539846,0.0899147966976799,0.158592939529124,0.814914953708649,1110018,"result/fits/scenario_02_n1000_J24_K2/replicate_018.rds"
2,19,1000,48,24,2,2,0.921006701286388,0.0708474635700127,0.183857412839906,0.81633718808492,1110019,"result/fits/scenario_02_n1000_J24_K2/replicate_019.rds"
2,20,1000,48,24,2,2,0.927083108879743,0.0751266405175254,0.194108340387982,0.822008601824443,1110020,"result/fits/scenario_02_n1000_J24_K2/replicate_020.rds"
2,21,1000,48,24,2,2,1,0.071605924049177,0.291697708414896,0.812265821297963,1110021,"result/fits/scenario_02_n1000_J24_K2/replicate_021.rds"
2,22,1000,48,24,2,2,1,0.0612748463908284,0.163378124869489,0.816925156116486,1110022,"result/fits/scenario_02_n1000_J24_K2/replicate_022.rds"
2,23,1000,48,24,2,2,0.960880560861353,0.0678409906278565,0.140364517575618,0.817366456985474,1110023,"result/fits/scenario_02_n1000_J24_K2/replicate_023.rds"
2,24,1000,48,24,2,2,0.921006701286388,0.0635839772992862,0.0825420259583634,0.816985166072845,1110024,"result/fits/scenario_02_n1000_J24_K2/replicate_024.rds"
2,25,1000,48,24,2,2,1,0.0620977144667612,0.108016135482676,0.815557094415029,1110025,"result/fits/scenario_02_n1000_J24_K2/replicate_025.rds"
2,26,1000,48,24,2,2,0.927083108879743,0.0719024967159973,0.129701062648614,0.798553510506948,1110026,"result/fits/scenario_02_n1000_J24_K2/replicate_026.rds"
2,27,1000,48,24,2,2,0.799364119438824,0.0678809825611127,0.158615128623292,0.796520491441091,1110027,"result/fits/scenario_02_n1000_J24_K2/replicate_027.rds"
2,28,1000,48,24,2,2,0.927083108879743,0.0621617791835472,0.155065926246134,0.796802790959676,1110028,"result/fits/scenario_02_n1000_J24_K2/replicate_028.rds"
2,29,1000,48,24,2,2,0.963958590721254,0.0724517794004507,0.176978003067968,0.795904942353566,1110029,"result/fits/scenario_02_n1000_J24_K2/replicate_029.rds"
2,30,1000,48,24,2,2,0.927083108879743,0.0807697284895273,0.276655697758592,0.799314546585083,1110030,"result/fits/scenario_02_n1000_J24_K2/replicate_030.rds"
2,31,1000,48,24,2,2,0.960880560861353,0.0672160240235137,0.107843118420674,0.798630857467651,1110031,"result/fits/scenario_02_n1000_J24_K2/replicate_031.rds"
2,32,1000,48,24,2,2,0.963958590721254,0.0724993954457145,0.211153017072768,0.795181469122569,1110032,"result/fits/scenario_02_n1000_J24_K2/replicate_032.rds"
2,33,1000,48,24,2,2,1,0.0672223642744305,0.138042690892958,0.793472365538279,1110033,"result/fits/scenario_02_n1000_J24_K2/replicate_033.rds"
2,34,1000,48,24,2,2,0.886932304591411,0.0795954145500985,0.219858205283411,0.795496555169423,1110034,"result/fits/scenario_02_n1000_J24_K2/replicate_034.rds"
2,35,1000,48,24,2,2,0.927083108879743,0.0678231428250074,0.209624718674688,0.797617900371552,1110035,"result/fits/scenario_02_n1000_J24_K2/replicate_035.rds"
2,36,1000,48,24,2,2,0.960880560861353,0.0675143273864878,0.185708022192877,0.804538102944692,1110036,"result/fits/scenario_02_n1000_J24_K2/replicate_036.rds"
2,37,1000,48,24,2,2,1,0.0687522563904169,0.202462741068099,0.795978438854217,1110037,"result/fits/scenario_02_n1000_J24_K2/replicate_037.rds"
2,38,1000,48,24,2,2,1,0.0690300766992013,0.157488280217603,0.806633162498474,1110038,"result/fits/scenario_02_n1000_J24_K2/replicate_038.rds"
2,39,1000,48,24,2,2,0.933416330385507,0.0756306571839709,0.194538984931096,0.79725462992986,1110039,"result/fits/scenario_02_n1000_J24_K2/replicate_039.rds"
2,40,1000,48,24,2,2,0.927083108879743,0.0716321748640023,0.218550652191386,0.797223261992137,1110040,"result/fits/scenario_02_n1000_J24_K2/replicate_040.rds"
2,41,1000,48,24,2,2,1,0.0643660515666811,0.164000709965306,0.800152679284414,1110041,"result/fits/scenario_02_n1000_J24_K2/replicate_041.rds"
2,42,1000,48,24,2,2,0.927083108879743,0.0715064161120584,0.13138317857174,0.795854290326436,1110042,"result/fits/scenario_02_n1000_J24_K2/replicate_042.rds"
2,43,1000,48,24,2,2,0.886932304591411,0.0721412292881855,0.0985907435575092,0.796262828509013,1110043,"result/fits/scenario_02_n1000_J24_K2/replicate_043.rds"
2,44,1000,48,24,2,2,0.963958590721254,0.0710793038422582,0.156774518036479,0.814522981643677,1110044,"result/fits/scenario_02_n1000_J24_K2/replicate_044.rds"
2,45,1000,48,24,2,2,0.812133457106973,0.0841994190745075,0.155412474054899,0.80965694586436,1110045,"result/fits/scenario_02_n1000_J24_K2/replicate_045.rds"
2,46,1000,48,24,2,2,1,0.0768011663766168,0.176060525644818,0.814479430516561,1110046,"result/fits/scenario_02_n1000_J24_K2/replicate_046.rds"
2,47,1000,48,24,2,2,0.963958590721254,0.0784389132878373,0.197623715905046,0.813310201962789,1110047,"result/fits/scenario_02_n1000_J24_K2/replicate_047.rds"
2,48,1000,48,24,2,2,0.883650735054613,0.0739713235733157,0.206777248181554,0.811568236351013,1110048,"result/fits/scenario_02_n1000_J24_K2/replicate_048.rds"
2,49,1000,48,24,2,2,0.963958590721254,0.0703747052859757,0.160968835766078,0.812142133712769,1110049,"result/fits/scenario_02_n1000_J24_K2/replicate_049.rds"
2,50,1000,48,24,2,2,0.960880560861353,0.0678928138411081,0.187479064038345,0.810942669709524,1110050,"result/fits/scenario_02_n1000_J24_K2/replicate_050.rds"
2,51,1000,48,24,2,2,0.87988860372413,0.0731412000780944,0.157123033154771,0.811579910914103,1110051,"result/fits/scenario_02_n1000_J24_K2/replicate_051.rds"
2,52,1000,48,24,2,2,0.921006701286388,0.06272464796445,0.148357200589109,0.811238646507263,1110052,"result/fits/scenario_02_n1000_J24_K2/replicate_052.rds"
2,53,1000,48,24,2,2,0.87988860372413,0.0824284569879714,0.179304642536425,0.810600459575653,1110053,"result/fits/scenario_02_n1000_J24_K2/replicate_053.rds"
2,54,1000,48,24,2,2,1,0.0734738161978492,0.138987657667958,0.814476176102956,1110054,"result/fits/scenario_02_n1000_J24_K2/replicate_054.rds"
2,55,1000,48,24,2,2,0.963958590721254,0.0646403169621963,0.106368914109324,0.808114461104075,1110055,"result/fits/scenario_02_n1000_J24_K2/replicate_055.rds"
2,56,1000,48,24,2,2,1,0.0726598341950135,0.170339948835455,0.814323012034098,1110056,"result/fits/scenario_02_n1000_J24_K2/replicate_056.rds"
2,57,1000,48,24,2,2,1,0.0675651655649225,0.230541108361574,0.811137282848358,1110057,"result/fits/scenario_02_n1000_J24_K2/replicate_057.rds"
2,58,1000,48,24,2,2,0.963958590721254,0.0732911348369468,0.214135561968994,0.794741606712341,1110058,"result/fits/scenario_02_n1000_J24_K2/replicate_058.rds"
2,59,1000,48,24,2,2,0.963958590721254,0.0644499445926248,0.235603897040374,0.796119928359985,1110059,"result/fits/scenario_02_n1000_J24_K2/replicate_059.rds"
2,60,1000,48,24,2,2,0.859156152960848,0.077857724520785,0.18913756135456,0.793881726264954,1110060,"result/fits/scenario_02_n1000_J24_K2/replicate_060.rds"
2,61,1000,48,24,2,2,0.923898142251104,0.0702529786379837,0.269276265553296,0.795481097698212,1110061,"result/fits/scenario_02_n1000_J24_K2/replicate_061.rds"
2,62,1000,48,24,2,2,0.892627525211318,0.0773078577023205,0.159731515772623,0.796902604897817,1110062,"result/fits/scenario_02_n1000_J24_K2/replicate_062.rds"
2,63,1000,48,24,2,2,0.960880560861353,0.0777667282922572,0.107554146956696,0.793788905938466,1110063,"result/fits/scenario_02_n1000_J24_K2/replicate_063.rds"
2,64,1000,48,24,2,2,1,0.0718860575026742,0.115343704992385,0.798912239074707,1110064,"result/fits/scenario_02_n1000_J24_K2/replicate_064.rds"
2,65,1000,48,24,2,2,1,0.0620957977850398,0.190463899352938,0.795584050814311,1110065,"result/fits/scenario_02_n1000_J24_K2/replicate_065.rds"
2,66,1000,48,24,2,2,1,0.0653515914118553,0.210568434184395,0.794403640429179,1110066,"result/fits/scenario_02_n1000_J24_K2/replicate_066.rds"
2,67,1000,48,24,2,2,0.960880560861353,0.0670124419481065,0.157017082017948,0.795297722021739,1110067,"result/fits/scenario_02_n1000_J24_K2/replicate_067.rds"
2,68,1000,48,24,2,2,0.892627525211318,0.0673836110481938,0.179518000421591,0.791690043608348,1110068,"result/fits/scenario_02_n1000_J24_K2/replicate_068.rds"
2,69,1000,48,24,2,2,1,0.0739626149835507,0.0346919479367452,0.805617964267731,1110069,"result/fits/scenario_02_n1000_J24_K2/replicate_069.rds"
2,70,1000,48,24,2,2,0.933416330385507,0.0719228998520157,0.172149824813704,0.792756565411886,1110070,"result/fits/scenario_02_n1000_J24_K2/replicate_070.rds"
2,71,1000,48,24,2,2,1,0.0616004440358873,0.1905924500886,0.792752623558044,1110071,"result/fits/scenario_02_n1000_J24_K2/replicate_071.rds"
2,72,1000,48,24,2,2,0.960880560861353,0.0727908508341854,0.184069013511417,0.795038712024689,1110072,"result/fits/scenario_02_n1000_J24_K2/replicate_072.rds"
2,73,1000,48,24,2,2,0.960880560861353,0.0610182815856609,0.115408819061964,0.794941790898641,1110073,"result/fits/scenario_02_n1000_J24_K2/replicate_073.rds"
2,74,1000,48,24,2,2,0.960880560861353,0.0655927522803342,0.175250248708899,0.824958697954814,1110074,"result/fits/scenario_02_n1000_J24_K2/replicate_074.rds"
2,75,1000,48,24,2,2,0.960880560861353,0.0695429059209224,0.145494546965487,0.822661197185516,1110075,"result/fits/scenario_02_n1000_J24_K2/replicate_075.rds"
2,76,1000,48,24,2,2,0.921006701286388,0.0801379448537242,0.178772386847406,0.825696114699046,1110076,"result/fits/scenario_02_n1000_J24_K2/replicate_076.rds"
2,77,1000,48,24,2,2,0.960880560861353,0.0674168499316735,0.133108267848073,0.82817843357722,1110077,"result/fits/scenario_02_n1000_J24_K2/replicate_077.rds"
2,78,1000,48,24,2,2,0.927083108879743,0.0701052796499793,0.183310798981238,0.825848110516866,1110078,"result/fits/scenario_02_n1000_J24_K2/replicate_078.rds"
2,79,1000,48,24,2,2,0.963958590721254,0.0740867328262908,0.109857881373354,0.822964445749919,1110079,"result/fits/scenario_02_n1000_J24_K2/replicate_079.rds"
2,80,1000,48,24,2,2,1,0.0646335056770154,0.0607546061369391,0.825595732529958,1110080,"result/fits/scenario_02_n1000_J24_K2/replicate_080.rds"
2,81,1000,48,24,2,2,0.963958590721254,0.0683877966623982,0.199791270833198,0.850739300251007,1110081,"result/fits/scenario_02_n1000_J24_K2/replicate_081.rds"
2,82,1000,48,24,2,2,1,0.0726121498164148,0.108983347091664,0.826385764280955,1110082,"result/fits/scenario_02_n1000_J24_K2/replicate_082.rds"
2,83,1000,48,24,2,2,1,0.0627577078553656,0.200960186981065,0.826994788646698,1110083,"result/fits/scenario_02_n1000_J24_K2/replicate_083.rds"
2,84,1000,48,24,2,2,0.960880560861353,0.0708423561816587,0.101700498928554,0.827603141466776,1110084,"result/fits/scenario_02_n1000_J24_K2/replicate_084.rds"
2,85,1000,48,24,2,2,0.963958590721254,0.0722542405069153,0.172992449509054,0.825885359446208,1110085,"result/fits/scenario_02_n1000_J24_K2/replicate_085.rds"
2,86,1000,48,24,2,2,0.923898142251104,0.0778136411176265,0.173252888387585,0.836343789100647,1110086,"result/fits/scenario_02_n1000_J24_K2/replicate_086.rds"
2,87,1000,48,24,2,2,0.883196721311475,0.068170598061605,0.245136858200436,0.828516054153442,1110087,"result/fits/scenario_02_n1000_J24_K2/replicate_087.rds"
2,88,1000,48,24,2,2,0.889344262295082,0.0768094397456618,0.126616722899414,0.831470489501953,1110088,"result/fits/scenario_02_n1000_J24_K2/replicate_088.rds"
2,89,1000,48,24,2,2,0.920700843608047,0.0763415285067817,0.146321203152728,0.82606649796168,1110089,"result/fits/scenario_02_n1000_J24_K2/replicate_089.rds"
2,90,1000,48,24,2,2,0.960880560861353,0.0719028410144958,0.144482093205413,0.828661525249481,1110090,"result/fits/scenario_02_n1000_J24_K2/replicate_090.rds"
2,91,1000,48,24,2,2,0.859156152960848,0.0725600446494434,0.174555306320822,0.82878190279007,1110091,"result/fits/scenario_02_n1000_J24_K2/replicate_091.rds"
2,92,1000,48,24,2,2,0.960880560861353,0.0685514287843529,0.162714539999295,0.827599553267161,1110092,"result/fits/scenario_02_n1000_J24_K2/replicate_092.rds"
2,93,1000,48,24,2,2,0.923898142251104,0.0834682918014279,0.133534574613929,0.830386670430501,1110093,"result/fits/scenario_02_n1000_J24_K2/replicate_093.rds"
2,94,1000,48,24,2,2,0.960880560861353,0.0763713857880258,0.201768504886898,0.831242938836416,1110094,"result/fits/scenario_02_n1000_J24_K2/replicate_094.rds"
2,95,1000,48,24,2,2,1,0.0626918722873138,0.22188696590808,0.829649690786997,1110095,"result/fits/scenario_02_n1000_J24_K2/replicate_095.rds"
2,96,1000,48,24,2,2,0.815573770491803,0.0713253954249438,0.128355783760633,0.829736578464508,1110096,"result/fits/scenario_02_n1000_J24_K2/replicate_096.rds"
2,97,1000,48,24,2,2,0.923898142251104,0.0783109541634344,0.0662406137125123,0.827800854047139,1110097,"result/fits/scenario_02_n1000_J24_K2/replicate_097.rds"
2,98,1000,48,24,2,2,0.960880560861353,0.0603429006691615,0.140774054373273,0.830186386903127,1110098,"result/fits/scenario_02_n1000_J24_K2/replicate_098.rds"
2,99,1000,48,24,2,2,0.921006701286388,0.0683904450862999,0.21782776164177,0.831934181849162,1110099,"result/fits/scenario_02_n1000_J24_K2/replicate_099.rds"
2,100,1000,48,24,2,2,0.923898142251104,0.0679337874193824,0.199589426504033,0.827968804041545,1110100,"result/fits/scenario_02_n1000_J24_K2/replicate_100.rds"
3,1,2000,48,24,2,2,0.828601739399498,0.0666397690087592,0.131605141380766,1.57250853776932,1210001,"result/fits/scenario_03_n2000_J24_K2/replicate_001.rds"
3,2,2000,48,24,2,2,1,0.0537166008667075,0.117316098776767,1.6352591753006,1210002,"result/fits/scenario_03_n2000_J24_K2/replicate_002.rds"
3,3,2000,48,24,2,2,0.963958590721254,0.0453913025524483,0.0665620396735504,1.64413855075836,1210003,"result/fits/scenario_03_n2000_J24_K2/replicate_003.rds"
3,4,2000,48,24,2,2,0.963958590721254,0.047826320211814,0.133613267798704,1.98716152111689,1210004,"result/fits/scenario_03_n2000_J24_K2/replicate_004.rds"
3,5,2000,48,24,2,2,0.933416330385507,0.0608788456527594,0.151728766414071,1.63333597580592,1210005,"result/fits/scenario_03_n2000_J24_K2/replicate_005.rds"
3,6,2000,48,24,2,2,1,0.0584944354946444,0.0945480627590925,1.64606742858887,1210006,"result/fits/scenario_03_n2000_J24_K2/replicate_006.rds"
3,7,2000,48,24,2,2,1,0.0499400267908577,0.124228771708946,1.62889440059662,1210007,"result/fits/scenario_03_n2000_J24_K2/replicate_007.rds"
3,8,2000,48,24,2,2,1,0.0470095336312835,0.19269882511698,1.64403079748154,1210008,"result/fits/scenario_03_n2000_J24_K2/replicate_008.rds"
3,9,2000,48,24,2,2,1,0.0514547942333506,0.14611028459315,1.63982123533885,1210009,"result/fits/scenario_03_n2000_J24_K2/replicate_009.rds"
3,10,2000,48,24,2,2,1,0.0549991741525296,0.135530123481902,1.63479032913844,1210010,"result/fits/scenario_03_n2000_J24_K2/replicate_010.rds"
3,11,2000,48,24,2,2,0.960880560861353,0.0601936354565119,0.157368022759934,1.63361716667811,1210011,"result/fits/scenario_03_n2000_J24_K2/replicate_011.rds"
3,12,2000,48,24,2,2,0.963958590721254,0.0574328507967371,0.113800181039882,1.64776182969411,1210012,"result/fits/scenario_03_n2000_J24_K2/replicate_012.rds"
3,13,2000,48,24,2,2,1,0.0504538326729938,0.109237247746229,1.63953930536906,1210013,"result/fits/scenario_03_n2000_J24_K2/replicate_013.rds"
3,14,2000,48,24,2,2,0.963958590721254,0.0558777081819939,0.129200705704175,1.63243226607641,1210014,"result/fits/scenario_03_n2000_J24_K2/replicate_014.rds"
3,15,2000,48,24,2,2,0.963958590721254,0.0512616764225126,0.0993615474525663,1.64593636989594,1210015,"result/fits/scenario_03_n2000_J24_K2/replicate_015.rds"
3,16,2000,48,24,2,2,1,0.0560313928583488,0.067886045542279,1.63617509206136,1210016,"result/fits/scenario_03_n2000_J24_K2/replicate_016.rds"
3,17,2000,48,24,2,2,1,0.0506121235619477,0.0810686334454291,1.65806279182434,1210017,"result/fits/scenario_03_n2000_J24_K2/replicate_017.rds"
3,18,2000,48,24,2,2,1,0.0512260813232893,0.172681846894456,1.65494494040807,1210018,"result/fits/scenario_03_n2000_J24_K2/replicate_018.rds"
3,19,2000,48,24,2,2,1,0.0498896478882055,0.137625709873227,1.65336500406265,1210019,"result/fits/scenario_03_n2000_J24_K2/replicate_019.rds"
3,20,2000,48,24,2,2,0.963958590721254,0.0440060546709621,0.15557860450358,1.66766746441523,1210020,"result/fits/scenario_03_n2000_J24_K2/replicate_020.rds"
3,21,2000,48,24,2,2,1,0.0494614781997097,0.140435917149805,1.66191381216049,1210021,"result/fits/scenario_03_n2000_J24_K2/replicate_021.rds"
3,22,2000,48,24,2,2,0.960880560861353,0.0562966460646578,0.0911498700137774,1.66105618874232,1210022,"result/fits/scenario_03_n2000_J24_K2/replicate_022.rds"
3,23,2000,48,24,2,2,1,0.0539583397218645,0.204499710473696,1.66402751604716,1210023,"result/fits/scenario_03_n2000_J24_K2/replicate_023.rds"
3,24,2000,48,24,2,2,1,0.0512932870292871,0.1185064981323,1.65106301307678,1210024,"result/fits/scenario_03_n2000_J24_K2/replicate_024.rds"
3,25,2000,48,24,2,2,0.963958590721254,0.0511281728144392,0.124309690956132,1.67215200662613,1210025,"result/fits/scenario_03_n2000_J24_K2/replicate_025.rds"
3,26,2000,48,24,2,2,1,0.0536563271237214,0.124028872335211,1.65316452980041,1210026,"result/fits/scenario_03_n2000_J24_K2/replicate_026.rds"
3,27,2000,48,24,2,2,1,0.0451532652930531,0.111052226376628,1.65473781426748,1210027,"result/fits/scenario_03_n2000_J24_K2/replicate_027.rds"
3,28,2000,48,24,2,2,1,0.0512689506068927,0.142292424393216,1.65557928482691,1210028,"result/fits/scenario_03_n2000_J24_K2/replicate_028.rds"
3,29,2000,48,24,2,2,0.963958590721254,0.0545137065850135,0.0916602062900171,1.66012502511342,1210029,"result/fits/scenario_03_n2000_J24_K2/replicate_029.rds"
3,30,2000,48,24,2,2,0.960880560861353,0.050176553020617,0.0949622896005704,1.65459118286769,1210030,"result/fits/scenario_03_n2000_J24_K2/replicate_030.rds"
3,31,2000,48,24,2,2,1,0.0390741755051971,0.12766662429237,1.65140062570572,1210031,"result/fits/scenario_03_n2000_J24_K2/replicate_031.rds"
3,32,2000,48,24,2,2,1,0.0576651108418017,0.107610979514026,1.65477298895518,1210032,"result/fits/scenario_03_n2000_J24_K2/replicate_032.rds"
3,33,2000,48,24,2,2,0.960880560861353,0.0507933075009203,0.0687421769300705,1.59556668996811,1210033,"result/fits/scenario_03_n2000_J24_K2/replicate_033.rds"
3,34,2000,48,24,2,2,1,0.0515923847126484,0.135384065740795,1.58789542516073,1210034,"result/fits/scenario_03_n2000_J24_K2/replicate_034.rds"
3,35,2000,48,24,2,2,1,0.0459589736017352,0.135284192170049,1.58868987957637,1210035,"result/fits/scenario_03_n2000_J24_K2/replicate_035.rds"
3,36,2000,48,24,2,2,0.963958590721254,0.0462042155889425,0.124686143078245,1.58423074881236,1210036,"result/fits/scenario_03_n2000_J24_K2/replicate_036.rds"
3,37,2000,48,24,2,2,0.963958590721254,0.0526554249022375,0.118174418286011,1.59112188021342,1210037,"result/fits/scenario_03_n2000_J24_K2/replicate_037.rds"
3,38,2000,48,24,2,2,0.963958590721254,0.0574484663188873,0.124580380641229,1.58492674430211,1210038,"result/fits/scenario_03_n2000_J24_K2/replicate_038.rds"
3,39,2000,48,24,2,2,0.921006701286388,0.053667180735373,0.115265156239566,1.59102811813354,1210039,"result/fits/scenario_03_n2000_J24_K2/replicate_039.rds"
3,40,2000,48,24,2,2,1,0.0504966906962075,0.116395258245379,1.58061092297236,1210040,"result/fits/scenario_03_n2000_J24_K2/replicate_040.rds"
3,41,2000,48,24,2,2,1,0.052069184201402,0.134023088918382,1.58314199447632,1210041,"result/fits/scenario_03_n2000_J24_K2/replicate_041.rds"
3,42,2000,48,24,2,2,1,0.0534103159496707,0.161198388896352,1.58652199904124,1210042,"result/fits/scenario_03_n2000_J24_K2/replicate_042.rds"
3,43,2000,48,24,2,2,1,0.0524531683585429,0.0882815092492623,1.58537310759226,1210043,"result/fits/scenario_03_n2000_J24_K2/replicate_043.rds"
3,44,2000,48,24,2,2,1,0.0518136456200768,0.196169927827208,1.60073769887288,1210044,"result/fits/scenario_03_n2000_J24_K2/replicate_044.rds"
3,45,2000,48,24,2,2,1,0.0523899342505418,0.0792836782409253,1.60466452042262,1210045,"result/fits/scenario_03_n2000_J24_K2/replicate_045.rds"
3,46,2000,48,24,2,2,1,0.0485550834392938,0.139226620266555,1.58413377602895,1210046,"result/fits/scenario_03_n2000_J24_K2/replicate_046.rds"
3,47,2000,48,24,2,2,0.960880560861353,0.0479279769297998,0.146578592850294,1.58056999842326,1210047,"result/fits/scenario_03_n2000_J24_K2/replicate_047.rds"
3,48,2000,48,24,2,2,1,0.0562435615815462,0.140208108792875,1.58177795410156,1210048,"result/fits/scenario_03_n2000_J24_K2/replicate_048.rds"
3,49,2000,48,24,2,2,0.960880560861353,0.0509854585617956,0.185282893824408,1.5822046995163,1210049,"result/fits/scenario_03_n2000_J24_K2/replicate_049.rds"
3,50,2000,48,24,2,2,0.963958590721254,0.0542448977042331,0.0691268724140377,1.49866140683492,1210050,"result/fits/scenario_03_n2000_J24_K2/replicate_050.rds"
3,51,2000,48,24,2,2,1,0.0505873697666865,0.0923155298629292,1.52689402103424,1210051,"result/fits/scenario_03_n2000_J24_K2/replicate_051.rds"
3,52,2000,48,24,2,2,0.960880560861353,0.0536239113862877,0.123411841669041,1.53271205027898,1210052,"result/fits/scenario_03_n2000_J24_K2/replicate_052.rds"
3,53,2000,48,24,2,2,0.921006701286388,0.0628081226038138,0.104429402361775,1.54182606140773,1210053,"result/fits/scenario_03_n2000_J24_K2/replicate_053.rds"
3,54,2000,48,24,2,2,0.933416330385507,0.0511677009622163,0.162753455116002,1.52889250914256,1210054,"result/fits/scenario_03_n2000_J24_K2/replicate_054.rds"
3,55,2000,48,24,2,2,1,0.0512869629122919,0.11915783815552,1.58135028680166,1210055,"result/fits/scenario_03_n2000_J24_K2/replicate_055.rds"
3,56,2000,48,24,2,2,1,0.0519590868479898,0.120927300855309,1.58501047690709,1210056,"result/fits/scenario_03_n2000_J24_K2/replicate_056.rds"
3,57,2000,48,24,2,2,1,0.057589324170315,0.127735503487517,1.58266354004542,1210057,"result/fits/scenario_03_n2000_J24_K2/replicate_057.rds"
3,58,2000,48,24,2,2,0.963958590721254,0.0471269967535324,0.145488615826724,1.72051067352295,1210058,"result/fits/scenario_03_n2000_J24_K2/replicate_058.rds"
3,59,2000,48,24,2,2,0.960880560861353,0.0569479478727799,0.162396599025745,1.57914496660233,1210059,"result/fits/scenario_03_n2000_J24_K2/replicate_059.rds"
3,60,2000,48,24,2,2,1,0.0517538086090663,0.144804374131526,1.58223375082016,1210060,"result/fits/scenario_03_n2000_J24_K2/replicate_060.rds"
3,61,2000,48,24,2,2,1,0.0517467234832639,0.162354157464273,1.58113193909327,1210061,"result/fits/scenario_03_n2000_J24_K2/replicate_061.rds"
3,62,2000,48,24,2,2,1,0.0538692934053514,0.177519025679593,1.52683131297429,1210062,"result/fits/scenario_03_n2000_J24_K2/replicate_062.rds"
3,63,2000,48,24,2,2,1,0.0488616705173364,0.0999266676648745,1.53044773340225,1210063,"result/fits/scenario_03_n2000_J24_K2/replicate_063.rds"
3,64,2000,48,24,2,2,1,0.0491526684534514,0.112740622602047,1.52693583965302,1210064,"result/fits/scenario_03_n2000_J24_K2/replicate_064.rds"
3,65,2000,48,24,2,2,1,0.0558319162359895,0.141157620103623,1.53067243099213,1210065,"result/fits/scenario_03_n2000_J24_K2/replicate_065.rds"
3,66,2000,48,24,2,2,1,0.0544631339382159,0.147284894670658,1.5280296643575,1210066,"result/fits/scenario_03_n2000_J24_K2/replicate_066.rds"
3,67,2000,48,24,2,2,1,0.0526344057389266,0.122993734267159,1.52954740126928,1210067,"result/fits/scenario_03_n2000_J24_K2/replicate_067.rds"
3,68,2000,48,24,2,2,0.960880560861353,0.0497286788996614,0.119749359084293,1.52906661430995,1210068,"result/fits/scenario_03_n2000_J24_K2/replicate_068.rds"
3,69,2000,48,24,2,2,1,0.0471627776557268,0.107421901969396,1.53634430170059,1210069,"result/fits/scenario_03_n2000_J24_K2/replicate_069.rds"
3,70,2000,48,24,2,2,1,0.055321686976494,0.108817643874915,1.54002211093903,1210070,"result/fits/scenario_03_n2000_J24_K2/replicate_070.rds"
3,71,2000,48,24,2,2,0.963958590721254,0.051152595093382,0.148998759758712,1.546551100413,1210071,"result/fits/scenario_03_n2000_J24_K2/replicate_071.rds"
3,72,2000,48,24,2,2,0.960880560861353,0.0597963466363566,0.0679832783315876,1.55147771040599,1210072,"result/fits/scenario_03_n2000_J24_K2/replicate_072.rds"
3,73,2000,48,24,2,2,1,0.0581096173077782,0.147252641700006,1.54714150826136,1210073,"result/fits/scenario_03_n2000_J24_K2/replicate_073.rds"
3,74,2000,48,24,2,2,0.933416330385507,0.0561528022566633,0.0967736017951131,1.54072457551956,1210074,"result/fits/scenario_03_n2000_J24_K2/replicate_074.rds"
3,75,2000,48,24,2,2,0.923898142251104,0.0505312745597454,0.113724812910977,1.5460024078687,1210075,"result/fits/scenario_03_n2000_J24_K2/replicate_075.rds"
3,76,2000,48,24,2,2,1,0.0491062025633354,0.194718072416591,1.55230155388514,1210076,"result/fits/scenario_03_n2000_J24_K2/replicate_076.rds"
3,77,2000,48,24,2,2,1,0.0559356196079633,0.0931973161195264,1.5501846909523,1210077,"result/fits/scenario_03_n2000_J24_K2/replicate_077.rds"
3,78,2000,48,24,2,2,1,0.0560194462508215,0.0565932099947709,1.53741369644801,1210078,"result/fits/scenario_03_n2000_J24_K2/replicate_078.rds"
3,79,2000,48,24,2,2,1,0.0482376208618198,0.048761186213025,1.53450898726781,1210079,"result/fits/scenario_03_n2000_J24_K2/replicate_079.rds"
3,80,2000,48,24,2,2,0.960880560861353,0.0524810773300292,0.14704540510044,1.52475093603134,1210080,"result/fits/scenario_03_n2000_J24_K2/replicate_080.rds"
3,81,2000,48,24,2,2,0.963958590721254,0.0536420027054654,0.116583055511684,1.53807931343714,1210081,"result/fits/scenario_03_n2000_J24_K2/replicate_081.rds"
3,82,2000,48,24,2,2,0.963958590721254,0.0510680499805123,0.107031855966962,1.52749143044154,1210082,"result/fits/scenario_03_n2000_J24_K2/replicate_082.rds"
3,83,2000,48,24,2,2,1,0.0560003513837348,0.106980796036893,1.5256244023641,1210083,"result/fits/scenario_03_n2000_J24_K2/replicate_083.rds"
3,84,2000,48,24,2,2,0.960880560861353,0.0457948922141853,0.171208412554115,1.52550441821416,1210084,"result/fits/scenario_03_n2000_J24_K2/replicate_084.rds"
3,85,2000,48,24,2,2,0.963958590721254,0.0547441533199321,0.0871538839675214,1.52039802471797,1210085,"result/fits/scenario_03_n2000_J24_K2/replicate_085.rds"
3,86,2000,48,24,2,2,1,0.0486185083953658,0.132399309225244,1.52224034865697,1210086,"result/fits/scenario_03_n2000_J24_K2/replicate_086.rds"
3,87,2000,48,24,2,2,1,0.051574255737605,0.110823367918068,1.52900394201279,1210087,"result/fits/scenario_03_n2000_J24_K2/replicate_087.rds"
3,88,2000,48,24,2,2,0.960880560861353,0.0582943281575487,0.0890522331627358,1.54853859742483,1210088,"result/fits/scenario_03_n2000_J24_K2/replicate_088.rds"
3,89,2000,48,24,2,2,0.921006701286388,0.0561069568729936,0.0784371617649013,1.54225323200226,1210089,"result/fits/scenario_03_n2000_J24_K2/replicate_089.rds"
3,90,2000,48,24,2,2,1,0.0542253660800439,0.113795271152276,1.54645590782166,1210090,"result/fits/scenario_03_n2000_J24_K2/replicate_090.rds"
3,91,2000,48,24,2,2,1,0.0470875817733203,0.0521087015741197,1.54318413337072,1210091,"result/fits/scenario_03_n2000_J24_K2/replicate_091.rds"
3,92,2000,48,24,2,2,0.927083108879743,0.049828002029794,0.0926603309097945,1.54509447813034,1210092,"result/fits/scenario_03_n2000_J24_K2/replicate_092.rds"
3,93,2000,48,24,2,2,1,0.0511805158306942,0.105108814061094,1.54292340278625,1210093,"result/fits/scenario_03_n2000_J24_K2/replicate_093.rds"
3,94,2000,48,24,2,2,0.933416330385507,0.0548450873995429,0.120779977325106,1.54884974161784,1210094,"result/fits/scenario_03_n2000_J24_K2/replicate_094.rds"
3,95,2000,48,24,2,2,0.963958590721254,0.0585430480580484,0.086894739819329,1.54874844551086,1210095,"result/fits/scenario_03_n2000_J24_K2/replicate_095.rds"
3,96,2000,48,24,2,2,1,0.0542908779881116,0.103138471014224,1.50570750633876,1210096,"result/fits/scenario_03_n2000_J24_K2/replicate_096.rds"
3,97,2000,48,24,2,2,1,0.0468822709062724,0.0717049084405438,1.50178770224253,1210097,"result/fits/scenario_03_n2000_J24_K2/replicate_097.rds"
3,98,2000,48,24,2,2,1,0.0495816901165775,0.0704121698286748,1.50308770338694,1210098,"result/fits/scenario_03_n2000_J24_K2/replicate_098.rds"
3,99,2000,48,24,2,2,1,0.0466688494464556,0.0642941878742139,1.5428126613299,1210099,"result/fits/scenario_03_n2000_J24_K2/replicate_099.rds"
3,100,2000,48,24,2,2,0.963958590721254,0.050995178227936,0.146216065498307,1.53425027132034,1210100,"result/fits/scenario_03_n2000_J24_K2/replicate_100.rds"
4,1,500,72,36,2,2,0.91994119833451,0.100541300359334,0.212697873317673,0.598504487673442,1310001,"result/fits/scenario_04_n500_J36_K2/replicate_001.rds"
4,2,500,72,36,2,2,0.924008245323408,0.0929956230794844,0.165119881754022,0.606338938077291,1310002,"result/fits/scenario_04_n500_J36_K2/replicate_002.rds"
4,3,500,72,36,2,2,0.91994119833451,0.0997573949739094,0.264271032638856,0.604454894860586,1310003,"result/fits/scenario_04_n500_J36_K2/replicate_003.rds"
4,4,500,72,36,2,2,0.921341867966334,0.0911568464708268,0.116133392848589,0.59930510520935,1310004,"result/fits/scenario_04_n500_J36_K2/replicate_004.rds"
4,5,500,72,36,2,2,0.841069781086447,0.0998750820673163,0.202656972825146,0.598651083310445,1310005,"result/fits/scenario_04_n500_J36_K2/replicate_005.rds"
4,6,500,72,36,2,2,0.841069781086447,0.0880112411186056,0.225888247522553,0.598285249869029,1310006,"result/fits/scenario_04_n500_J36_K2/replicate_006.rds"
4,7,500,72,36,2,2,0.948353898378145,0.0939396196620468,0.171653262097602,0.59870222012202,1310007,"result/fits/scenario_04_n500_J36_K2/replicate_007.rds"
4,8,500,72,36,2,2,0.896822667432761,0.115516430167571,0.133071791675971,0.597104879220327,1310008,"result/fits/scenario_04_n500_J36_K2/replicate_008.rds"
4,9,500,72,36,2,2,0.773927504607758,0.110808988121414,0.178650734567001,0.600048995018005,1310009,"result/fits/scenario_04_n500_J36_K2/replicate_009.rds"
4,10,500,72,36,2,2,0.949720253945641,0.0922649787741659,0.182928049314374,0.597973207632701,1310010,"result/fits/scenario_04_n500_J36_K2/replicate_010.rds"
4,11,500,72,36,2,2,0.947073951521727,0.0867118405464547,0.182613638156891,0.598296149571737,1310011,"result/fits/scenario_04_n500_J36_K2/replicate_011.rds"
4,12,500,72,36,2,2,0.898076285379685,0.0997139383846774,0.121736769221433,0.624391770362854,1310012,"result/fits/scenario_04_n500_J36_K2/replicate_012.rds"
4,13,500,72,36,2,2,0.81902488469057,0.103190553110557,0.179354127313706,0.601391780376434,1310013,"result/fits/scenario_04_n500_J36_K2/replicate_013.rds"
4,14,500,72,36,2,2,0.922870093275118,0.0954109119987751,0.145487707212146,0.60014435450236,1310014,"result/fits/scenario_04_n500_J36_K2/replicate_014.rds"
4,15,500,72,36,2,2,0.763721026223122,0.0981791568134474,0.194042189197102,0.604162836074829,1310015,"result/fits/scenario_04_n500_J36_K2/replicate_015.rds"
4,16,500,72,36,2,2,0.928189397187179,0.0885053395580561,0.196532027908331,0.60112673441569,1310016,"result/fits/scenario_04_n500_J36_K2/replicate_016.rds"
4,17,500,72,36,2,2,0.878683683155785,0.0941569844276326,0.205366636788862,0.601437791188558,1310017,"result/fits/scenario_04_n500_J36_K2/replicate_017.rds"
4,18,500,72,36,2,2,0.975047988589608,0.0897924564238047,0.21145558346879,0.601608387629191,1310018,"result/fits/scenario_04_n500_J36_K2/replicate_018.rds"
4,19,500,72,36,2,2,0.91994119833451,0.091050026399454,0.191793655310114,0.601995547612508,1310019,"result/fits/scenario_04_n500_J36_K2/replicate_019.rds"
4,20,500,72,36,2,2,0.896822667432761,0.0929542529693472,0.150211277197764,0.599153844515483,1310020,"result/fits/scenario_04_n500_J36_K2/replicate_020.rds"
4,21,500,72,36,2,2,0.924008245323408,0.10010764356555,0.120288646561876,0.59959888458252,1310021,"result/fits/scenario_04_n500_J36_K2/replicate_021.rds"
4,22,500,72,36,2,2,0.952446118417517,0.099878876555032,0.291657985805323,0.598038931687673,1310022,"result/fits/scenario_04_n500_J36_K2/replicate_022.rds"
4,23,500,72,36,2,2,0.831993995241993,0.102431020056629,0.273765877921164,0.599421513080597,1310023,"result/fits/scenario_04_n500_J36_K2/replicate_023.rds"
4,24,500,72,36,2,2,0.921341867966334,0.0866855443434792,0.174792124692173,0.596252318223317,1310024,"result/fits/scenario_04_n500_J36_K2/replicate_024.rds"
4,25,500,72,36,2,2,0.868912820035615,0.10036539315639,0.176360765172182,0.597483483950297,1310025,"result/fits/scenario_04_n500_J36_K2/replicate_025.rds"
4,26,500,72,36,2,2,0.952446118417517,0.0850274569074609,0.267240340321651,0.599536712964376,1310026,"result/fits/scenario_04_n500_J36_K2/replicate_026.rds"
4,27,500,72,36,2,2,0.83824491087438,0.0890949942449794,0.14391994766268,0.597788067658742,1310027,"result/fits/scenario_04_n500_J36_K2/replicate_027.rds"
4,28,500,72,36,2,2,0.925404310139961,0.107160146081913,0.163149118110663,0.599583240350087,1310028,"result/fits/scenario_04_n500_J36_K2/replicate_028.rds"
4,29,500,72,36,2,2,0.952446118417517,0.0869458029875416,0.259744037172087,0.597980686028798,1310029,"result/fits/scenario_04_n500_J36_K2/replicate_029.rds"
4,30,500,72,36,2,2,0.91994119833451,0.0877955077244035,0.156935589916125,0.600427679220835,1310030,"result/fits/scenario_04_n500_J36_K2/replicate_030.rds"
4,31,500,72,36,2,2,0.893963072657382,0.083247620150232,0.223539613838993,0.603041291236877,1310031,"result/fits/scenario_04_n500_J36_K2/replicate_031.rds"
4,32,500,72,36,2,2,0.975047988589608,0.0900979659870585,0.167092237930389,0.598482318719228,1310032,"result/fits/scenario_04_n500_J36_K2/replicate_032.rds"
4,33,500,72,36,2,2,0.925404310139961,0.103970748092948,0.240119784531774,0.599819835027059,1310033,"result/fits/scenario_04_n500_J36_K2/replicate_033.rds"
4,34,500,72,36,2,2,0.946985252940078,0.10517348511315,0.200000110277572,0.599404342969259,1310034,"result/fits/scenario_04_n500_J36_K2/replicate_034.rds"
4,35,500,72,36,2,2,0.928189397187179,0.0961354493152844,0.239625132985782,0.598838810125987,1310035,"result/fits/scenario_04_n500_J36_K2/replicate_035.rds"
4,36,500,72,36,2,2,0.928189397187179,0.0830788894836073,0.139229510285348,0.59789309501648,1310036,"result/fits/scenario_04_n500_J36_K2/replicate_036.rds"
4,37,500,72,36,2,2,0.845542866593445,0.0932369652295538,0.264686619218758,0.598973778883616,1310037,"result/fits/scenario_04_n500_J36_K2/replicate_037.rds"
4,38,500,72,36,2,2,0.843101893597836,0.0931497585029306,0.206118814271773,0.599716111024221,1310038,"result/fits/scenario_04_n500_J36_K2/replicate_038.rds"
4,39,500,72,36,2,2,0.91994119833451,0.0861010847861754,0.105161362266396,0.596794517834981,1310039,"result/fits/scenario_04_n500_J36_K2/replicate_039.rds"
4,40,500,72,36,2,2,0.91994119833451,0.0854072456365626,0.180754763421196,0.599197157224019,1310040,"result/fits/scenario_04_n500_J36_K2/replicate_040.rds"
4,41,500,72,36,2,2,0.817192363693813,0.0979506017848358,0.2699394699661,0.598236505190531,1310041,"result/fits/scenario_04_n500_J36_K2/replicate_041.rds"
4,42,500,72,36,2,2,0.975047988589608,0.0884757391499234,0.161043042727869,0.597510008017222,1310042,"result/fits/scenario_04_n500_J36_K2/replicate_042.rds"
4,43,500,72,36,2,2,0.949720253945641,0.0981917986022637,0.180901566495093,0.59689527352651,1310043,"result/fits/scenario_04_n500_J36_K2/replicate_043.rds"
4,44,500,72,36,2,2,0.850962415134026,0.0988296255437522,0.239199954611465,0.5981756011645,1310044,"result/fits/scenario_04_n500_J36_K2/replicate_044.rds"
4,45,500,72,36,2,2,0.870595928699504,0.100051611967684,0.243386100195063,0.590443050861359,1310045,"result/fits/scenario_04_n500_J36_K2/replicate_045.rds"
4,46,500,72,36,2,2,0.84954148499157,0.0958483540223074,0.205204387841462,0.586020636558533,1310046,"result/fits/scenario_04_n500_J36_K2/replicate_046.rds"
4,47,500,72,36,2,2,0.794656132037071,0.108001822566642,0.236164611335934,0.586693008740743,1310047,"result/fits/scenario_04_n500_J36_K2/replicate_047.rds"
4,48,500,72,36,2,2,0.91994119833451,0.0927327679507625,0.0452998907522617,0.586730976899465,1310048,"result/fits/scenario_04_n500_J36_K2/replicate_048.rds"
4,49,500,72,36,2,2,0.973712898780262,0.100117263555217,0.197064196095985,0.588423709074656,1310049,"result/fits/scenario_04_n500_J36_K2/replicate_049.rds"
4,50,500,72,36,2,2,0.736249573556726,0.10503973753697,0.167505738819606,0.601446203390757,1310050,"result/fits/scenario_04_n500_J36_K2/replicate_050.rds"
4,51,500,72,36,2,2,0.817192363693813,0.10210931181654,0.172817783356748,0.604056040445964,1310051,"result/fits/scenario_04_n500_J36_K2/replicate_051.rds"
4,52,500,72,36,2,2,0.867674466763305,0.10070869760135,0.187793315976742,0.6046089331309,1310052,"result/fits/scenario_04_n500_J36_K2/replicate_052.rds"
4,53,500,72,36,2,2,0.946985252940078,0.0878000146274548,0.256912502624877,0.600644663969676,1310053,"result/fits/scenario_04_n500_J36_K2/replicate_053.rds"
4,54,500,72,36,2,2,0.869359305643961,0.093386055582206,0.103927958370415,0.60275098880132,1310054,"result/fits/scenario_04_n500_J36_K2/replicate_054.rds"
4,55,500,72,36,2,2,0.925404310139961,0.103235574984751,0.276443947088647,0.597972492376963,1310055,"result/fits/scenario_04_n500_J36_K2/replicate_055.rds"
4,56,500,72,36,2,2,0.895394082363361,0.0979593545367943,0.172148047356166,0.597034025192261,1310056,"result/fits/scenario_04_n500_J36_K2/replicate_056.rds"
4,57,500,72,36,2,2,0.867674466763305,0.0932968803337883,0.260362341278257,0.59860798517863,1310057,"result/fits/scenario_04_n500_J36_K2/replicate_057.rds"
4,58,500,72,36,2,2,0.819335734055534,0.0975013892837886,0.180410600161142,0.598536435763041,1310058,"result/fits/scenario_04_n500_J36_K2/replicate_058.rds"
4,59,500,72,36,2,2,0.975047988589608,0.0906351631048603,0.217815035180123,0.604531248410543,1310059,"result/fits/scenario_04_n500_J36_K2/replicate_059.rds"
4,60,500,72,36,2,2,0.973712898780262,0.0963145211632495,0.19386621037928,0.609757320086161,1310060,"result/fits/scenario_04_n500_J36_K2/replicate_060.rds"
4,61,500,72,36,2,2,0.818712963792508,0.102308571815,0.214203940980062,0.598139488697052,1310061,"result/fits/scenario_04_n500_J36_K2/replicate_061.rds"
4,62,500,72,36,2,2,0.873291846851598,0.0927541504800582,0.182797610962532,0.600253526369731,1310062,"result/fits/scenario_04_n500_J36_K2/replicate_062.rds"
4,63,500,72,36,2,2,0.896822667432761,0.0978807399350923,0.230051853524171,0.59934485356013,1310063,"result/fits/scenario_04_n500_J36_K2/replicate_063.rds"
4,64,500,72,36,2,2,0.893963072657382,0.0799714585227742,0.251698609767391,0.599201846122742,1310064,"result/fits/scenario_04_n500_J36_K2/replicate_064.rds"
4,65,500,72,36,2,2,0.895216391333415,0.0981112608394275,0.23260632360518,0.599432559808095,1310065,"result/fits/scenario_04_n500_J36_K2/replicate_065.rds"
4,66,500,72,36,2,2,0.973712898780262,0.0937429577427495,0.24177326301514,0.595423165957133,1310066,"result/fits/scenario_04_n500_J36_K2/replicate_066.rds"
4,67,500,72,36,2,2,0.932349509887363,0.082598874613592,0.253161513177826,0.594856015841166,1310067,"result/fits/scenario_04_n500_J36_K2/replicate_067.rds"
4,68,500,72,36,2,2,0.975047988589608,0.0935120426988316,0.167884399993009,0.599930667877197,1310068,"result/fits/scenario_04_n500_J36_K2/replicate_068.rds"
4,69,500,72,36,2,2,0.946985252940078,0.0883976880256545,0.168195460579853,0.596337231000264,1310069,"result/fits/scenario_04_n500_J36_K2/replicate_069.rds"
4,70,500,72,36,2,2,0.870595928699504,0.108764238447911,0.114936168409042,0.599510280291239,1310070,"result/fits/scenario_04_n500_J36_K2/replicate_070.rds"
4,71,500,72,36,2,2,0.895747662573992,0.0931584963167194,0.250902079407263,0.595806654294332,1310071,"result/fits/scenario_04_n500_J36_K2/replicate_071.rds"
4,72,500,72,36,2,2,0.760557677978439,0.0900929985914268,0.331290011096479,0.598089607556661,1310072,"result/fits/scenario_04_n500_J36_K2/replicate_072.rds"
4,73,500,72,36,2,2,0.873507448542512,0.0914191147147395,0.307204439848609,0.596744092305501,1310073,"result/fits/scenario_04_n500_J36_K2/replicate_073.rds"
4,74,500,72,36,2,2,0.878683683155785,0.0906631426509585,0.22605576623437,0.597935322920481,1310074,"result/fits/scenario_04_n500_J36_K2/replicate_074.rds"
4,75,500,72,36,2,2,0.924008245323408,0.0940728475220936,0.301972756952176,0.612408494949341,1310075,"result/fits/scenario_04_n500_J36_K2/replicate_075.rds"
4,76,500,72,36,2,2,0.975047988589608,0.0826839449187278,0.26838618046253,0.606798891226451,1310076,"result/fits/scenario_04_n500_J36_K2/replicate_076.rds"
4,77,500,72,36,2,2,0.867900010547411,0.0969241119048746,0.204906605949908,0.619670621554057,1310077,"result/fits/scenario_04_n500_J36_K2/replicate_077.rds"
4,78,500,72,36,2,2,0.880133795900129,0.093134609702779,0.234207076794205,0.606675446033478,1310078,"result/fits/scenario_04_n500_J36_K2/replicate_078.rds"
4,79,500,72,36,2,2,0.91994119833451,0.0961927936693862,0.171576924158618,0.62662349541982,1310079,"result/fits/scenario_04_n500_J36_K2/replicate_079.rds"
4,80,500,72,36,2,2,0.853225530279934,0.0947540938941165,0.186728203096197,0.607019146283468,1310080,"result/fits/scenario_04_n500_J36_K2/replicate_080.rds"
4,81,500,72,36,2,2,0.948353898378145,0.0949467878572727,0.234845597837592,0.606533805529276,1310081,"result/fits/scenario_04_n500_J36_K2/replicate_081.rds"
4,82,500,72,36,2,2,0.869359305643961,0.0984140549919213,0.240496813756548,0.628015299638112,1310082,"result/fits/scenario_04_n500_J36_K2/replicate_082.rds"
4,83,500,72,36,2,2,0.975047988589608,0.102888563425646,0.242835313578925,0.617562921841939,1310083,"result/fits/scenario_04_n500_J36_K2/replicate_083.rds"
4,84,500,72,36,2,2,0.9267980254525,0.0973206981559905,0.262940128671662,0.61253703435262,1310084,"result/fits/scenario_04_n500_J36_K2/replicate_084.rds"
4,85,500,72,36,2,2,0.906440210002301,0.0932655417260346,0.214169953563976,0.605727871259054,1310085,"result/fits/scenario_04_n500_J36_K2/replicate_085.rds"
4,86,500,72,36,2,2,0.947073951521727,0.0922057122005395,0.134049120528388,0.60967390537262,1310086,"result/fits/scenario_04_n500_J36_K2/replicate_086.rds"
4,87,500,72,36,2,2,0.895394082363361,0.100079440528087,0.149498864317501,0.606220666567485,1310087,"result/fits/scenario_04_n500_J36_K2/replicate_087.rds"
4,88,500,72,36,2,2,0.925404310139961,0.105270215904487,0.369574252958209,0.603924330075582,1310088,"result/fits/scenario_04_n500_J36_K2/replicate_088.rds"
4,89,500,72,36,2,2,0.975047988589608,0.0872696741188028,0.240996575999858,0.604052396615346,1310089,"result/fits/scenario_04_n500_J36_K2/replicate_089.rds"
4,90,500,72,36,2,2,0.888782875284664,0.0946437328378631,0.155691704298597,0.605708281199137,1310090,"result/fits/scenario_04_n500_J36_K2/replicate_090.rds"
4,91,500,72,36,2,2,0.921341867966334,0.0907896139567108,0.26614104750088,0.605247247219086,1310091,"result/fits/scenario_04_n500_J36_K2/replicate_091.rds"
4,92,500,72,36,2,2,0.866209991582741,0.0958641626747188,0.108053577481424,0.602568070093791,1310092,"result/fits/scenario_04_n500_J36_K2/replicate_092.rds"
4,93,500,72,36,2,2,0.767640363371905,0.091688306387304,0.239899264072775,0.606561974684397,1310093,"result/fits/scenario_04_n500_J36_K2/replicate_093.rds"
4,94,500,72,36,2,2,0.857858610681524,0.097400708628133,0.229854025608391,0.609196575482686,1310094,"result/fits/scenario_04_n500_J36_K2/replicate_094.rds"
4,95,500,72,36,2,2,0.91994119833451,0.087879482843401,0.235960263232615,0.604110376040141,1310095,"result/fits/scenario_04_n500_J36_K2/replicate_095.rds"
4,96,500,72,36,2,2,0.905023383561587,0.0898466911322602,0.178418852733525,0.605408124128977,1310096,"result/fits/scenario_04_n500_J36_K2/replicate_096.rds"
4,97,500,72,36,2,2,0.898076285379685,0.0957308548615538,0.240185888608057,0.598102577527364,1310097,"result/fits/scenario_04_n500_J36_K2/replicate_097.rds"
4,98,500,72,36,2,2,0.92147424548541,0.093414677835731,0.162274776171434,0.596062052249908,1310098,"result/fits/scenario_04_n500_J36_K2/replicate_098.rds"
4,99,500,72,36,2,2,0.828402265974996,0.10573579047266,0.173243891952346,0.598571225007375,1310099,"result/fits/scenario_04_n500_J36_K2/replicate_099.rds"
4,100,500,72,36,2,2,0.922870093275118,0.101072151393226,0.173158272727319,0.59926407734553,1310100,"result/fits/scenario_04_n500_J36_K2/replicate_100.rds"
5,1,1000,72,36,2,2,0.946985252940078,0.0597523579797695,0.121530021794729,1.1385514497757,1410001,"result/fits/scenario_05_n1000_J36_K2/replicate_001.rds"
5,2,1000,72,36,2,2,0.973712898780262,0.0631032270512244,0.121933462787965,1.14427479505539,1410002,"result/fits/scenario_05_n1000_J36_K2/replicate_002.rds"
5,3,1000,72,36,2,2,0.973712898780262,0.0686249490292156,0.20628324183367,1.1381290435791,1410003,"result/fits/scenario_05_n1000_J36_K2/replicate_003.rds"
5,4,1000,72,36,2,2,0.949720253945641,0.0680721726575581,0.107121826741607,1.14513455629349,1410004,"result/fits/scenario_05_n1000_J36_K2/replicate_004.rds"
5,5,1000,72,36,2,2,0.952446118417517,0.0705310516990892,0.193064671273898,1.14456054766973,1410005,"result/fits/scenario_05_n1000_J36_K2/replicate_005.rds"
5,6,1000,72,36,2,2,0.975047988589608,0.070832688833942,0.160786252526565,1.14607422351837,1410006,"result/fits/scenario_05_n1000_J36_K2/replicate_006.rds"
5,7,1000,72,36,2,2,0.973712898780262,0.0596704666146131,0.0853888377104216,1.1492595076561,1410007,"result/fits/scenario_05_n1000_J36_K2/replicate_007.rds"
5,8,1000,72,36,2,2,0.948353898378145,0.0682371074597178,0.163517368266661,1.14635317325592,1410008,"result/fits/scenario_05_n1000_J36_K2/replicate_008.rds"
5,9,1000,72,36,2,2,0.975047988589608,0.0712668866098941,0.133277491876506,1.14218415021896,1410009,"result/fits/scenario_05_n1000_J36_K2/replicate_009.rds"
5,10,1000,72,36,2,2,1,0.0634191938464136,0.130591739028723,1.14219373861949,1410010,"result/fits/scenario_05_n1000_J36_K2/replicate_010.rds"
5,11,1000,72,36,2,2,0.952446118417517,0.0704243464892989,0.160598415108311,1.14468235174815,1410011,"result/fits/scenario_05_n1000_J36_K2/replicate_011.rds"
5,12,1000,72,36,2,2,0.973712898780262,0.0669492551589319,0.0920302181557258,1.14898585478465,1410012,"result/fits/scenario_05_n1000_J36_K2/replicate_012.rds"
5,13,1000,72,36,2,2,0.973712898780262,0.0587884572879811,0.151369247361127,1.14727029403051,1410013,"result/fits/scenario_05_n1000_J36_K2/replicate_013.rds"
5,14,1000,72,36,2,2,0.947073951521727,0.0684381874449779,0.0990318930877977,1.14559839169184,1410014,"result/fits/scenario_05_n1000_J36_K2/replicate_014.rds"
5,15,1000,72,36,2,2,1,0.0697112524394326,0.148103761318366,1.14012301365534,1410015,"result/fits/scenario_05_n1000_J36_K2/replicate_015.rds"
5,16,1000,72,36,2,2,0.949720253945641,0.0676620189908396,0.13441821074329,1.13915319442749,1410016,"result/fits/scenario_05_n1000_J36_K2/replicate_016.rds"
5,17,1000,72,36,2,2,0.92147424548541,0.0673626405991411,0.130605336590784,1.14406143029531,1410017,"result/fits/scenario_05_n1000_J36_K2/replicate_017.rds"
5,18,1000,72,36,2,2,1,0.0662754843789269,0.121262810279131,1.14681084553401,1410018,"result/fits/scenario_05_n1000_J36_K2/replicate_018.rds"
5,19,1000,72,36,2,2,0.975047988589608,0.0677368860785147,0.126947818134455,1.145172560215,1410019,"result/fits/scenario_05_n1000_J36_K2/replicate_019.rds"
5,20,1000,72,36,2,2,1,0.0691237687757339,0.136339460648169,1.13884198665619,1410020,"result/fits/scenario_05_n1000_J36_K2/replicate_020.rds"
5,21,1000,72,36,2,2,0.924008245323408,0.0757760384773108,0.217186295626484,1.13931921720505,1410021,"result/fits/scenario_05_n1000_J36_K2/replicate_021.rds"
5,22,1000,72,36,2,2,0.91994119833451,0.0682083427685678,0.15400569229652,1.13617990811666,1410022,"result/fits/scenario_05_n1000_J36_K2/replicate_022.rds"
5,23,1000,72,36,2,2,0.973712898780262,0.0687100591044448,0.167698898190933,1.14052549203237,1410023,"result/fits/scenario_05_n1000_J36_K2/replicate_023.rds"
5,24,1000,72,36,2,2,0.947073951521727,0.0711147014497105,0.15249589005433,1.13905375401179,1410024,"result/fits/scenario_05_n1000_J36_K2/replicate_024.rds"
5,25,1000,72,36,2,2,0.946985252940078,0.0680122683014457,0.152645252553989,1.13969125747681,1410025,"result/fits/scenario_05_n1000_J36_K2/replicate_025.rds"
5,26,1000,72,36,2,2,0.9267980254525,0.0760247991430164,0.18495415151839,1.14001930157344,1410026,"result/fits/scenario_05_n1000_J36_K2/replicate_026.rds"
5,27,1000,72,36,2,2,0.948353898378145,0.0742625521000757,0.125864550712126,1.13943619728088,1410027,"result/fits/scenario_05_n1000_J36_K2/replicate_027.rds"
5,28,1000,72,36,2,2,0.946985252940078,0.0675752964402669,0.159241997113975,1.14572987953822,1410028,"result/fits/scenario_05_n1000_J36_K2/replicate_028.rds"
5,29,1000,72,36,2,2,1,0.0676932259289876,0.228960098391508,1.14764790932337,1410029,"result/fits/scenario_05_n1000_J36_K2/replicate_029.rds"
5,30,1000,72,36,2,2,0.973712898780262,0.0697889871932295,0.0823733804148217,1.15028558969498,1410030,"result/fits/scenario_05_n1000_J36_K2/replicate_030.rds"
5,31,1000,72,36,2,2,1,0.0717191718686195,0.219567641470249,1.13989819288254,1410031,"result/fits/scenario_05_n1000_J36_K2/replicate_031.rds"
5,32,1000,72,36,2,2,0.975047988589608,0.070408930922308,0.126286820701895,1.14203085104624,1410032,"result/fits/scenario_05_n1000_J36_K2/replicate_032.rds"
5,33,1000,72,36,2,2,0.906440210002301,0.0697122638729269,0.131300507472023,1.14201534589132,1410033,"result/fits/scenario_05_n1000_J36_K2/replicate_033.rds"
5,34,1000,72,36,2,2,0.975047988589608,0.0747104189162129,0.176826195935716,1.14176606734594,1410034,"result/fits/scenario_05_n1000_J36_K2/replicate_034.rds"
5,35,1000,72,36,2,2,0.946985252940078,0.0704301321904269,0.20461889975885,1.1372189283371,1410035,"result/fits/scenario_05_n1000_J36_K2/replicate_035.rds"
5,36,1000,72,36,2,2,0.975047988589608,0.0671160057589583,0.229985390183433,1.148233350118,1410036,"result/fits/scenario_05_n1000_J36_K2/replicate_036.rds"
5,37,1000,72,36,2,2,1,0.0662644793017145,0.098910759698725,1.14069958527883,1410037,"result/fits/scenario_05_n1000_J36_K2/replicate_037.rds"
5,38,1000,72,36,2,2,0.975047988589608,0.0705601764312152,0.17278474362638,1.14316635926565,1410038,"result/fits/scenario_05_n1000_J36_K2/replicate_038.rds"
5,39,1000,72,36,2,2,0.975047988589608,0.0614989691492873,0.151277742948013,1.14268850485484,1410039,"result/fits/scenario_05_n1000_J36_K2/replicate_039.rds"
5,40,1000,72,36,2,2,1,0.0642984582889308,0.150301413338947,1.13900045951207,1410040,"result/fits/scenario_05_n1000_J36_K2/replicate_040.rds"
5,41,1000,72,36,2,2,1,0.0730615706811306,0.132468956759485,1.14304714997609,1410041,"result/fits/scenario_05_n1000_J36_K2/replicate_041.rds"
5,42,1000,72,36,2,2,0.975047988589608,0.0699974724574354,0.157649837576644,1.13804975350698,1410042,"result/fits/scenario_05_n1000_J36_K2/replicate_042.rds"
5,43,1000,72,36,2,2,0.975047988589608,0.0712756817493405,0.172796456065103,1.1189019203186,1410043,"result/fits/scenario_05_n1000_J36_K2/replicate_043.rds"
5,44,1000,72,36,2,2,0.975047988589608,0.0653594456415211,0.145478529149082,1.11663219134013,1410044,"result/fits/scenario_05_n1000_J36_K2/replicate_044.rds"
5,45,1000,72,36,2,2,0.975047988589608,0.0702318893350015,0.138833825454907,1.11278010209401,1410045,"result/fits/scenario_05_n1000_J36_K2/replicate_045.rds"
5,46,1000,72,36,2,2,0.947073951521727,0.074218126836112,0.126437749526201,1.11984043121338,1410046,"result/fits/scenario_05_n1000_J36_K2/replicate_046.rds"
5,47,1000,72,36,2,2,1,0.0691588892973876,0.146439267583734,1.11732165416082,1410047,"result/fits/scenario_05_n1000_J36_K2/replicate_047.rds"
5,48,1000,72,36,2,2,0.973712898780262,0.0675739423483169,0.135869074175519,1.130078069369,1410048,"result/fits/scenario_05_n1000_J36_K2/replicate_048.rds"
5,49,1000,72,36,2,2,0.975047988589608,0.0707520881891009,0.119691077325951,1.13193620443344,1410049,"result/fits/scenario_05_n1000_J36_K2/replicate_049.rds"
5,50,1000,72,36,2,2,1,0.064567160488948,0.183951707378693,1.12859986225764,1410050,"result/fits/scenario_05_n1000_J36_K2/replicate_050.rds"
5,51,1000,72,36,2,2,0.932349509887363,0.070076873843126,0.129328458885509,1.13294626077016,1410051,"result/fits/scenario_05_n1000_J36_K2/replicate_051.rds"
5,52,1000,72,36,2,2,0.952446118417517,0.0635069875722925,0.12426157348492,1.13492426077525,1410052,"result/fits/scenario_05_n1000_J36_K2/replicate_052.rds"
5,53,1000,72,36,2,2,0.975047988589608,0.0687479693113831,0.123565553683849,1.17233876784643,1410053,"result/fits/scenario_05_n1000_J36_K2/replicate_053.rds"
5,54,1000,72,36,2,2,0.924008245323408,0.0591038077679556,0.104623482941869,1.17065325975418,1410054,"result/fits/scenario_05_n1000_J36_K2/replicate_054.rds"
5,55,1000,72,36,2,2,0.947073951521727,0.0674671119095077,0.117143458961409,1.16962718566259,1410055,"result/fits/scenario_05_n1000_J36_K2/replicate_055.rds"
5,56,1000,72,36,2,2,0.952446118417517,0.0672246856995927,0.100711064726843,1.17326542139053,1410056,"result/fits/scenario_05_n1000_J36_K2/replicate_056.rds"
5,57,1000,72,36,2,2,1,0.0661765014328787,0.137023697213302,1.17017642259598,1410057,"result/fits/scenario_05_n1000_J36_K2/replicate_057.rds"
5,58,1000,72,36,2,2,0.975047988589608,0.0733473905286882,0.139679903891713,1.17162929773331,1410058,"result/fits/scenario_05_n1000_J36_K2/replicate_058.rds"
5,59,1000,72,36,2,2,0.949720253945641,0.0722017166806128,0.1861323059618,1.18458073536555,1410059,"result/fits/scenario_05_n1000_J36_K2/replicate_059.rds"
5,60,1000,72,36,2,2,0.948353898378145,0.0719450021684914,0.138490909400099,1.1696470340093,1410060,"result/fits/scenario_05_n1000_J36_K2/replicate_060.rds"
5,61,1000,72,36,2,2,0.949720253945641,0.0657618498855493,0.127270906811543,1.17150492668152,1410061,"result/fits/scenario_05_n1000_J36_K2/replicate_061.rds"
5,62,1000,72,36,2,2,1,0.062539008355365,0.210473765639075,1.1699654340744,1410062,"result/fits/scenario_05_n1000_J36_K2/replicate_062.rds"
5,63,1000,72,36,2,2,0.973712898780262,0.0622520918430714,0.190983028119328,1.17189953724543,1410063,"result/fits/scenario_05_n1000_J36_K2/replicate_063.rds"
5,64,1000,72,36,2,2,0.975047988589608,0.0625087807498417,0.152682982533312,1.18134172360102,1410064,"result/fits/scenario_05_n1000_J36_K2/replicate_064.rds"
5,65,1000,72,36,2,2,1,0.0683185249997106,0.204741703129184,1.17213846047719,1410065,"result/fits/scenario_05_n1000_J36_K2/replicate_065.rds"
5,66,1000,72,36,2,2,1,0.0627057543974022,0.151903224495164,1.1663129289945,1410066,"result/fits/scenario_05_n1000_J36_K2/replicate_066.rds"
5,67,1000,72,36,2,2,1,0.065969217607972,0.0775919383591869,1.17182400623957,1410067,"result/fits/scenario_05_n1000_J36_K2/replicate_067.rds"
5,68,1000,72,36,2,2,0.975047988589608,0.0691582907117837,0.140948394491832,1.17167655626933,1410068,"result/fits/scenario_05_n1000_J36_K2/replicate_068.rds"
5,69,1000,72,36,2,2,0.973712898780262,0.0596446543325465,0.164898946231094,1.17277233600616,1410069,"result/fits/scenario_05_n1000_J36_K2/replicate_069.rds"
5,70,1000,72,36,2,2,0.9267980254525,0.0746899123365573,0.0845676544881365,1.11732800801595,1410070,"result/fits/scenario_05_n1000_J36_K2/replicate_070.rds"
5,71,1000,72,36,2,2,0.973712898780262,0.0685350267787803,0.11380813721543,1.12641286849976,1410071,"result/fits/scenario_05_n1000_J36_K2/replicate_071.rds"
5,72,1000,72,36,2,2,0.92147424548541,0.0685563413404098,0.206415653635982,1.12241180737813,1410072,"result/fits/scenario_05_n1000_J36_K2/replicate_072.rds"
5,73,1000,72,36,2,2,0.947073951521727,0.0674762372603003,0.172265253374782,1.11609823306402,1410073,"result/fits/scenario_05_n1000_J36_K2/replicate_073.rds"
5,74,1000,72,36,2,2,0.901260811279229,0.0770628882407312,0.20602963162775,1.11787327130636,1410074,"result/fits/scenario_05_n1000_J36_K2/replicate_074.rds"
5,75,1000,72,36,2,2,0.947073951521727,0.0727730940634098,0.108051309964444,1.11888992786407,1410075,"result/fits/scenario_05_n1000_J36_K2/replicate_075.rds"
5,76,1000,72,36,2,2,0.975047988589608,0.0608863153191133,0.121872069334321,1.13537485202154,1410076,"result/fits/scenario_05_n1000_J36_K2/replicate_076.rds"
5,77,1000,72,36,2,2,1,0.063029124337133,0.231844494157423,1.19757532278697,1410077,"result/fits/scenario_05_n1000_J36_K2/replicate_077.rds"
5,78,1000,72,36,2,2,1,0.0623145882172304,0.147697449573452,1.13149875402451,1410078,"result/fits/scenario_05_n1000_J36_K2/replicate_078.rds"
5,79,1000,72,36,2,2,1,0.0607512400833732,0.236561388759627,1.13437119722366,1410079,"result/fits/scenario_05_n1000_J36_K2/replicate_079.rds"
5,80,1000,72,36,2,2,0.92147424548541,0.066550899478969,0.149467683123099,1.1377512494723,1410080,"result/fits/scenario_05_n1000_J36_K2/replicate_080.rds"
5,81,1000,72,36,2,2,0.952446118417517,0.0712746366429597,0.1334491412718,1.13555708726247,1410081,"result/fits/scenario_05_n1000_J36_K2/replicate_081.rds"
5,82,1000,72,36,2,2,0.975047988589608,0.0740048480607748,0.103757296519644,1.13505622943242,1410082,"result/fits/scenario_05_n1000_J36_K2/replicate_082.rds"
5,83,1000,72,36,2,2,0.947073951521727,0.0753319196683035,0.0943996117111622,1.13518037001292,1410083,"result/fits/scenario_05_n1000_J36_K2/replicate_083.rds"
5,84,1000,72,36,2,2,1,0.065258244771645,0.126908527434719,1.13583954572678,1410084,"result/fits/scenario_05_n1000_J36_K2/replicate_084.rds"
5,85,1000,72,36,2,2,0.975047988589608,0.06367931576464,0.115971433161325,1.13190131187439,1410085,"result/fits/scenario_05_n1000_J36_K2/replicate_085.rds"
5,86,1000,72,36,2,2,0.975047988589608,0.0676976390791399,0.177361561560693,1.13563165664673,1410086,"result/fits/scenario_05_n1000_J36_K2/replicate_086.rds"
5,87,1000,72,36,2,2,1,0.0694986266829638,0.186235096991147,1.1324170589447,1410087,"result/fits/scenario_05_n1000_J36_K2/replicate_087.rds"
5,88,1000,72,36,2,2,0.895216391333415,0.0676738244708832,0.188303131338586,1.13075012365977,1410088,"result/fits/scenario_05_n1000_J36_K2/replicate_088.rds"
5,89,1000,72,36,2,2,1,0.0631229900334384,0.119513686237453,1.13535838127136,1410089,"result/fits/scenario_05_n1000_J36_K2/replicate_089.rds"
5,90,1000,72,36,2,2,0.973712898780262,0.063420336334036,0.181798588864233,1.13500694036484,1410090,"result/fits/scenario_05_n1000_J36_K2/replicate_090.rds"
5,91,1000,72,36,2,2,0.906440210002301,0.0724006141476745,0.16711704314,1.12584723234177,1410091,"result/fits/scenario_05_n1000_J36_K2/replicate_091.rds"
5,92,1000,72,36,2,2,0.973712898780262,0.0667077239567883,0.133172083173523,1.12398370504379,1410092,"result/fits/scenario_05_n1000_J36_K2/replicate_092.rds"
5,93,1000,72,36,2,2,0.973712898780262,0.0583201148835431,0.162218369174655,1.12340052127838,1410093,"result/fits/scenario_05_n1000_J36_K2/replicate_093.rds"
5,94,1000,72,36,2,2,1,0.0715672742081419,0.0793614634297975,1.12347688674927,1410094,"result/fits/scenario_05_n1000_J36_K2/replicate_094.rds"
5,95,1000,72,36,2,2,0.92147424548541,0.0684229048492014,0.144407431752178,1.12281533082326,1410095,"result/fits/scenario_05_n1000_J36_K2/replicate_095.rds"
5,96,1000,72,36,2,2,1,0.0618131504300589,0.143509755922121,1.12258763710658,1410096,"result/fits/scenario_05_n1000_J36_K2/replicate_096.rds"
5,97,1000,72,36,2,2,0.932349509887363,0.065063970509862,0.1168115295115,1.12562519311905,1410097,"result/fits/scenario_05_n1000_J36_K2/replicate_097.rds"
5,98,1000,72,36,2,2,0.948353898378145,0.0689971980539801,0.147721378135945,1.12792060375214,1410098,"result/fits/scenario_05_n1000_J36_K2/replicate_098.rds"
5,99,1000,72,36,2,2,0.975047988589608,0.0635651757086642,0.17052770279975,1.12206134001414,1410099,"result/fits/scenario_05_n1000_J36_K2/replicate_099.rds"
5,100,1000,72,36,2,2,0.948353898378145,0.0641847284593764,0.136610919545778,1.12532419761022,1410100,"result/fits/scenario_05_n1000_J36_K2/replicate_100.rds"
6,1,2000,72,36,2,2,1,0.042643372366011,0.0952352140130631,2.24921410481135,1510001,"result/fits/scenario_06_n2000_J36_K2/replicate_001.rds"
6,2,2000,72,36,2,2,0.973712898780262,0.0474869870179068,0.0791700527040739,2.29674664735794,1510002,"result/fits/scenario_06_n2000_J36_K2/replicate_002.rds"
6,3,2000,72,36,2,2,1,0.0520781674509513,0.0710041336294196,2.28539734284083,1510003,"result/fits/scenario_06_n2000_J36_K2/replicate_003.rds"
6,4,2000,72,36,2,2,0.975047988589608,0.0521699326035003,0.0861145347030715,2.28617916901906,1510004,"result/fits/scenario_06_n2000_J36_K2/replicate_004.rds"
6,5,2000,72,36,2,2,1,0.0483905006327721,0.0951316406465025,2.28542663653692,1510005,"result/fits/scenario_06_n2000_J36_K2/replicate_005.rds"
6,6,2000,72,36,2,2,0.975047988589608,0.0500394481792878,0.102617000336077,2.29074761867523,1510006,"result/fits/scenario_06_n2000_J36_K2/replicate_006.rds"
6,7,2000,72,36,2,2,1,0.048699278076664,0.118338210511007,2.28545449177424,1510007,"result/fits/scenario_06_n2000_J36_K2/replicate_007.rds"
6,8,2000,72,36,2,2,1,0.0465509966766487,0.0658660951504679,2.28544742663701,1510008,"result/fits/scenario_06_n2000_J36_K2/replicate_008.rds"
6,9,2000,72,36,2,2,0.947073951521727,0.0485457372538591,0.109031623674362,2.35303562879562,1510009,"result/fits/scenario_06_n2000_J36_K2/replicate_009.rds"
6,10,2000,72,36,2,2,1,0.0494219688138263,0.162276428745828,2.28537491162618,1510010,"result/fits/scenario_06_n2000_J36_K2/replicate_010.rds"
6,11,2000,72,36,2,2,1,0.0433162826921809,0.117811809821953,2.2938582499822,1510011,"result/fits/scenario_06_n2000_J36_K2/replicate_011.rds"
6,12,2000,72,36,2,2,1,0.0489512163383063,0.102183178161864,2.28997004826864,1510012,"result/fits/scenario_06_n2000_J36_K2/replicate_012.rds"
6,13,2000,72,36,2,2,1,0.0530370197662007,0.0724278293193585,2.28776095310847,1510013,"result/fits/scenario_06_n2000_J36_K2/replicate_013.rds"
6,14,2000,72,36,2,2,1,0.0458639600037652,0.046474669514205,2.28617254892985,1510014,"result/fits/scenario_06_n2000_J36_K2/replicate_014.rds"
6,15,2000,72,36,2,2,1,0.0455358777014683,0.119141338410097,2.84271483023961,1510015,"result/fits/scenario_06_n2000_J36_K2/replicate_015.rds"
6,16,2000,72,36,2,2,0.973712898780262,0.0513834320315602,0.0890133252757009,2.28773115475972,1510016,"result/fits/scenario_06_n2000_J36_K2/replicate_016.rds"
6,17,2000,72,36,2,2,1,0.0491878026906165,0.0644330059366305,2.3119059642156,1510017,"result/fits/scenario_06_n2000_J36_K2/replicate_017.rds"
6,18,2000,72,36,2,2,1,0.0464590292375714,0.0655625141457179,2.28608699242274,1510018,"result/fits/scenario_06_n2000_J36_K2/replicate_018.rds"
6,19,2000,72,36,2,2,0.975047988589608,0.0514676991355341,0.102969713824192,2.30520159006119,1510019,"result/fits/scenario_06_n2000_J36_K2/replicate_019.rds"
6,20,2000,72,36,2,2,1,0.0529803025640889,0.101009929211305,2.2869372844696,1510020,"result/fits/scenario_06_n2000_J36_K2/replicate_020.rds"
6,21,2000,72,36,2,2,0.975047988589608,0.0481890878841187,0.0855694324094293,2.29223928451538,1510021,"result/fits/scenario_06_n2000_J36_K2/replicate_021.rds"
6,22,2000,72,36,2,2,1,0.0482121243985767,0.108931513767213,2.28692254622777,1510022,"result/fits/scenario_06_n2000_J36_K2/replicate_022.rds"
6,23,2000,72,36,2,2,0.973712898780262,0.0485458466629073,0.131805591968708,2.28989759286245,1510023,"result/fits/scenario_06_n2000_J36_K2/replicate_023.rds"
6,24,2000,72,36,2,2,0.922609825056693,0.0472757772618729,0.0866841260826394,2.29071793953578,1510024,"result/fits/scenario_06_n2000_J36_K2/replicate_024.rds"
6,25,2000,72,36,2,2,1,0.0490874060191692,0.130278852994215,2.30292986631393,1510025,"result/fits/scenario_06_n2000_J36_K2/replicate_025.rds"
6,26,2000,72,36,2,2,1,0.0479677445622021,0.0534390901361189,2.28614502350489,1510026,"result/fits/scenario_06_n2000_J36_K2/replicate_026.rds"
6,27,2000,72,36,2,2,1,0.0434733476974596,0.0864364766916161,2.28616126775742,1510027,"result/fits/scenario_06_n2000_J36_K2/replicate_027.rds"
6,28,2000,72,36,2,2,1,0.0482328475615385,0.121887069708063,3.0274390300115,1510028,"result/fits/scenario_06_n2000_J36_K2/replicate_028.rds"
6,29,2000,72,36,2,2,1,0.0511632996464937,0.0838616419574938,2.23981641530991,1510029,"result/fits/scenario_06_n2000_J36_K2/replicate_029.rds"
6,30,2000,72,36,2,2,1,0.0544327792038066,0.129954266744211,2.23826083739599,1510030,"result/fits/scenario_06_n2000_J36_K2/replicate_030.rds"
6,31,2000,72,36,2,2,1,0.0481870622511582,0.0837084395239335,2.23826212088267,1510031,"result/fits/scenario_06_n2000_J36_K2/replicate_031.rds"
6,32,2000,72,36,2,2,1,0.0460274648379244,0.0792250912797239,2.25728761752446,1510032,"result/fits/scenario_06_n2000_J36_K2/replicate_032.rds"
6,33,2000,72,36,2,2,1,0.0501221495154148,0.153730555489973,2.23904161055883,1510033,"result/fits/scenario_06_n2000_J36_K2/replicate_033.rds"
6,34,2000,72,36,2,2,0.973712898780262,0.0486565870244076,0.0716977981433319,2.23826009829839,1510034,"result/fits/scenario_06_n2000_J36_K2/replicate_034.rds"
6,35,2000,72,36,2,2,1,0.0426841163496477,0.103758284263877,2.25483503341675,1510035,"result/fits/scenario_06_n2000_J36_K2/replicate_035.rds"
6,36,2000,72,36,2,2,0.949720253945641,0.0446808769017592,0.11041963244491,2.29610371987025,1510036,"result/fits/scenario_06_n2000_J36_K2/replicate_036.rds"
6,37,2000,72,36,2,2,0.975047988589608,0.0489718679778764,0.0805112080339133,2.2956805785497,1510037,"result/fits/scenario_06_n2000_J36_K2/replicate_037.rds"
6,38,2000,72,36,2,2,1,0.0454218478362858,0.15684754277224,2.36462823947271,1510038,"result/fits/scenario_06_n2000_J36_K2/replicate_038.rds"
6,39,2000,72,36,2,2,0.975047988589608,0.0475265275748459,0.149159494261393,2.32544872760773,1510039,"result/fits/scenario_06_n2000_J36_K2/replicate_039.rds"
6,40,2000,72,36,2,2,0.948353898378145,0.0539086880363718,0.0871155648666515,2.29567658901215,1510040,"result/fits/scenario_06_n2000_J36_K2/replicate_040.rds"
6,41,2000,72,36,2,2,1,0.0566444868533408,0.0995980209670433,2.29569203853607,1510041,"result/fits/scenario_06_n2000_J36_K2/replicate_041.rds"
6,42,2000,72,36,2,2,0.946985252940078,0.0501051064073006,0.139780599972145,2.29564990997314,1510042,"result/fits/scenario_06_n2000_J36_K2/replicate_042.rds"
6,43,2000,72,36,2,2,0.973712898780262,0.0434083638263593,0.102789026331779,2.29567034244537,1510043,"result/fits/scenario_06_n2000_J36_K2/replicate_043.rds"
6,44,2000,72,36,2,2,1,0.0513573551815411,0.036315416240043,2.29565651416779,1510044,"result/fits/scenario_06_n2000_J36_K2/replicate_044.rds"
6,45,2000,72,36,2,2,1,0.0423028025932804,0.0964472622914108,2.29880172808965,1510045,"result/fits/scenario_06_n2000_J36_K2/replicate_045.rds"
6,46,2000,72,36,2,2,1,0.048413183140562,0.120716011312322,2.3418287396431,1510046,"result/fits/scenario_06_n2000_J36_K2/replicate_046.rds"
6,47,2000,72,36,2,2,0.975047988589608,0.0431788327405832,0.0832088761420982,2.29612035353978,1510047,"result/fits/scenario_06_n2000_J36_K2/replicate_047.rds"
6,48,2000,72,36,2,2,1,0.0507533295521546,0.131100073902782,2.29879201253255,1510048,"result/fits/scenario_06_n2000_J36_K2/replicate_048.rds"
6,49,2000,72,36,2,2,1,0.0434117379611503,0.135521631795884,2.2956579486529,1510049,"result/fits/scenario_06_n2000_J36_K2/replicate_049.rds"
6,50,2000,72,36,2,2,0.975047988589608,0.0496070926988741,0.15163017743539,2.40474218130112,1510050,"result/fits/scenario_06_n2000_J36_K2/replicate_050.rds"
6,51,2000,72,36,2,2,0.973712898780262,0.0471756292338607,0.0800873684239163,0.822978083292643,2510051,"result/fits/scenario_06_n2000_J36_K2/replicate_051.rds"
6,52,2000,72,36,2,2,1,0.0464683186473524,0.101925071356096,2.40282879670461,1510052,"result/fits/scenario_06_n2000_J36_K2/replicate_052.rds"
6,53,2000,72,36,2,2,0.975047988589608,0.0458026382345811,0.1037065899562,2.40479875802994,1510053,"result/fits/scenario_06_n2000_J36_K2/replicate_053.rds"
6,54,2000,72,36,2,2,0.973712898780262,0.0447155427512411,0.126229717100497,2.41257762908936,1510054,"result/fits/scenario_06_n2000_J36_K2/replicate_054.rds"
6,55,2000,72,36,2,2,1,0.0551091372460556,0.0692725865744713,2.40623039007187,1510055,"result/fits/scenario_06_n2000_J36_K2/replicate_055.rds"
6,56,2000,72,36,2,2,1,0.0472156030313125,0.0848178384054704,2.40714910825094,1510056,"result/fits/scenario_06_n2000_J36_K2/replicate_056.rds"
6,57,2000,72,36,2,2,0.921341867966334,0.0495060793397284,0.0910017951537666,2.4204797188441,1510057,"result/fits/scenario_06_n2000_J36_K2/replicate_057.rds"
6,58,2000,72,36,2,2,1,0.0457381931623452,0.162999107700688,2.4010476231575,1510058,"result/fits/scenario_06_n2000_J36_K2/replicate_058.rds"
6,59,2000,72,36,2,2,1,0.0495690718943361,0.151890775881888,2.4270485162735,1510059,"result/fits/scenario_06_n2000_J36_K2/replicate_059.rds"
6,60,2000,72,36,2,2,0.973712898780262,0.0434716888897644,0.102719080055262,2.40108483632406,1510060,"result/fits/scenario_06_n2000_J36_K2/replicate_060.rds"
6,61,2000,72,36,2,2,0.952446118417517,0.052059396436773,0.102547900867779,2.40485411485036,1510061,"result/fits/scenario_06_n2000_J36_K2/replicate_061.rds"
6,62,2000,72,36,2,2,0.975047988589608,0.0454758799964424,0.10472585770578,2.4029869000117,1510062,"result/fits/scenario_06_n2000_J36_K2/replicate_062.rds"
6,63,2000,72,36,2,2,1,0.0484348321013381,0.0692976526177076,2.42027806440989,1510063,"result/fits/scenario_06_n2000_J36_K2/replicate_063.rds"
6,64,2000,72,36,2,2,1,0.0453995382299455,0.124786555918602,2.40556823809942,1510064,"result/fits/scenario_06_n2000_J36_K2/replicate_064.rds"
6,65,2000,72,36,2,2,1,0.0490126604758523,0.0701160654919922,2.40065384705861,1510065,"result/fits/scenario_06_n2000_J36_K2/replicate_065.rds"
6,66,2000,72,36,2,2,1,0.0532442557882731,0.0741249770741012,2.43799316883087,1510066,"result/fits/scenario_06_n2000_J36_K2/replicate_066.rds"
6,67,2000,72,36,2,2,0.975047988589608,0.0527633569570059,0.111951697439944,6.32408289909363,1510067,"result/fits/scenario_06_n2000_J36_K2/replicate_067.rds"
6,68,2000,72,36,2,2,1,0.0544864769356041,0.114111525549737,2.3437801361084,1510068,"result/fits/scenario_06_n2000_J36_K2/replicate_068.rds"
6,69,2000,72,36,2,2,1,0.0452895198726795,0.110231000002579,2.3523449977239,1510069,"result/fits/scenario_06_n2000_J36_K2/replicate_069.rds"
6,70,2000,72,36,2,2,1,0.0503935533831672,0.122379713076349,2.34375096956889,1510070,"result/fits/scenario_06_n2000_J36_K2/replicate_070.rds"
6,71,2000,72,36,2,2,1,0.0485459048297919,0.0832415887460307,2.3457292397817,1510071,"result/fits/scenario_06_n2000_J36_K2/replicate_071.rds"
6,72,2000,72,36,2,2,1,0.046386825784939,0.0699006185773514,2.34380162556966,1510072,"result/fits/scenario_06_n2000_J36_K2/replicate_072.rds"
6,73,2000,72,36,2,2,0.975047988589608,0.0470753972288014,0.0450377881287587,2.34499852657318,1510073,"result/fits/scenario_06_n2000_J36_K2/replicate_073.rds"
6,74,2000,72,36,2,2,0.975047988589608,0.0491059720143722,0.0638396469422914,2.35033584833145,1510074,"result/fits/scenario_06_n2000_J36_K2/replicate_074.rds"
6,75,2000,72,36,2,2,1,0.0477336402523182,0.126384235951421,2.34490661223729,1510075,"result/fits/scenario_06_n2000_J36_K2/replicate_075.rds"
6,76,2000,72,36,2,2,1,0.0513277304378722,0.0924094467640156,2.34647722244263,1510076,"result/fits/scenario_06_n2000_J36_K2/replicate_076.rds"
6,77,2000,72,36,2,2,1,0.0496995402754381,0.0752732031789782,2.34657570918401,1510077,"result/fits/scenario_06_n2000_J36_K2/replicate_077.rds"
6,78,2000,72,36,2,2,1,0.0455069957340758,0.0686679752683721,2.61906046072642,1510078,"result/fits/scenario_06_n2000_J36_K2/replicate_078.rds"
6,79,2000,72,36,2,2,1,0.0489230335090022,0.0891867566097279,2.34386868874232,1510079,"result/fits/scenario_06_n2000_J36_K2/replicate_079.rds"
6,80,2000,72,36,2,2,1,0.048868203130342,0.0474834605526764,2.36073708534241,1510080,"result/fits/scenario_06_n2000_J36_K2/replicate_080.rds"
6,81,2000,72,36,2,2,0.922870093275118,0.0513992812982232,0.111932294211213,2.34380762179693,1510081,"result/fits/scenario_06_n2000_J36_K2/replicate_081.rds"
6,82,2000,72,36,2,2,1,0.0497120625693153,0.051613779178773,2.36101659536362,1510082,"result/fits/scenario_06_n2000_J36_K2/replicate_082.rds"
6,83,2000,72,36,2,2,1,0.0503927668924338,0.0668395867952499,2.34500886599223,1510083,"result/fits/scenario_06_n2000_J36_K2/replicate_083.rds"
6,84,2000,72,36,2,2,1,0.0479276010883299,0.0806826311248511,2.34338353474935,1510084,"result/fits/scenario_06_n2000_J36_K2/replicate_084.rds"
6,85,2000,72,36,2,2,0.975047988589608,0.048517487128584,0.127851475825111,2.27659264008204,1510085,"result/fits/scenario_06_n2000_J36_K2/replicate_085.rds"
6,86,2000,72,36,2,2,1,0.0542327455595034,0.110501670584887,2.28159881432851,1510086,"result/fits/scenario_06_n2000_J36_K2/replicate_086.rds"
6,87,2000,72,36,2,2,1,0.0465461580460696,0.0998406212848476,2.27192367315292,1510087,"result/fits/scenario_06_n2000_J36_K2/replicate_087.rds"
6,88,2000,72,36,2,2,0.973712898780262,0.0496235252960981,0.0593427413778042,2.27232757806778,1510088,"result/fits/scenario_06_n2000_J36_K2/replicate_088.rds"
6,89,2000,72,36,2,2,1,0.053745011835089,0.103874018616794,2.28364765644073,1510089,"result/fits/scenario_06_n2000_J36_K2/replicate_089.rds"
6,90,2000,72,36,2,2,0.975047988589608,0.0511277619285123,0.115067583737223,2.27972576618195,1510090,"result/fits/scenario_06_n2000_J36_K2/replicate_090.rds"
6,91,2000,72,36,2,2,1,0.0480595653639624,0.0561386670656722,2.2789382537206,1510091,"result/fits/scenario_06_n2000_J36_K2/replicate_091.rds"
6,92,2000,72,36,2,2,0.947073951521727,0.0473263578416277,0.121977319704035,2.27270627816518,1510092,"result/fits/scenario_06_n2000_J36_K2/replicate_092.rds"
6,93,2000,72,36,2,2,1,0.0451310360145751,0.135330739731288,2.27270618677139,1510093,"result/fits/scenario_06_n2000_J36_K2/replicate_093.rds"
6,94,2000,72,36,2,2,1,0.0446197700857206,0.0617340626712409,2.27426916360855,1510094,"result/fits/scenario_06_n2000_J36_K2/replicate_094.rds"
6,95,2000,72,36,2,2,1,0.0510907670081894,0.0892804919258793,4.23371597925822,1510095,"result/fits/scenario_06_n2000_J36_K2/replicate_095.rds"
6,96,2000,72,36,2,2,1,0.0504962649492287,0.116217725232339,2.27614399194717,1510096,"result/fits/scenario_06_n2000_J36_K2/replicate_096.rds"
6,97,2000,72,36,2,2,0.973712898780262,0.0496033031694639,0.106012923010902,2.27582141160965,1510097,"result/fits/scenario_06_n2000_J36_K2/replicate_097.rds"
6,98,2000,72,36,2,2,1,0.04759996589131,0.0659827891284423,2.27211676836014,1510098,"result/fits/scenario_06_n2000_J36_K2/replicate_098.rds"
6,99,2000,72,36,2,2,1,0.0479201619968035,0.0846378670201978,2.25692787965139,1510099,"result/fits/scenario_06_n2000_J36_K2/replicate_099.rds"
6,100,2000,72,36,2,2,0.973712898780262,0.0487850169693029,0.0971212848364973,2.26908275683721,1510100,"result/fits/scenario_06_n2000_J36_K2/replicate_100.rds"
7,1,500,48,24,3,3,0.917975567190227,0.095760468469253,0.186380926509997,0.608075845241547,1610001,"result/fits/scenario_07_n500_J24_K3/replicate_001.rds"
7,2,500,48,24,3,3,0.868548182049326,0.0945207431817702,0.296611550376103,0.56937818924586,1610002,"result/fits/scenario_07_n500_J24_K3/replicate_002.rds"
7,3,500,48,24,3,3,1,0.0976991398732262,0.23390283045733,0.620118737220764,1610003,"result/fits/scenario_07_n500_J24_K3/replicate_003.rds"
7,4,500,48,24,3,3,0.756160830090791,0.0970684090433554,0.262871045315153,0.619893439610799,1610004,"result/fits/scenario_07_n500_J24_K3/replicate_004.rds"
7,5,500,48,24,3,3,0.834571763785686,0.101129670396998,0.299849842762345,0.598045631249746,1610005,"result/fits/scenario_07_n500_J24_K3/replicate_005.rds"
7,6,500,48,24,3,3,0.912541868254559,0.0909075649112442,0.233098901949356,0.598975912729899,1610006,"result/fits/scenario_07_n500_J24_K3/replicate_006.rds"
7,7,500,48,24,3,3,0.917975567190227,0.118355627449564,0.257129853816115,0.62412916024526,1610007,"result/fits/scenario_07_n500_J24_K3/replicate_007.rds"
7,8,500,48,24,3,3,0.911687335588125,0.111816759641303,0.278717590976707,0.609248423576355,1610008,"result/fits/scenario_07_n500_J24_K3/replicate_008.rds"
7,9,500,48,24,3,3,0.875142314990512,0.117113579911808,0.258438235129547,0.611980279286703,1610009,"result/fits/scenario_07_n500_J24_K3/replicate_009.rds"
7,10,500,48,24,3,3,0.959186205185461,0.0855063777780284,0.255688215256216,0.615516308943431,1610010,"result/fits/scenario_07_n500_J24_K3/replicate_010.rds"
7,11,500,48,24,3,3,0.959577343654012,0.101817398820448,0.232746546497932,0.597550666332245,1610011,"result/fits/scenario_07_n500_J24_K3/replicate_011.rds"
7,12,500,48,24,3,3,0.666120218579235,0.107172796370747,0.257201883169643,0.60718594789505,1610012,"result/fits/scenario_07_n500_J24_K3/replicate_012.rds"
7,13,500,48,24,3,3,0.959577343654012,0.100135620585278,0.277760429543482,0.603040313720703,1610013,"result/fits/scenario_07_n500_J24_K3/replicate_013.rds"
7,14,500,48,24,3,3,0.959577343654012,0.0903623154193598,0.23519214752255,0.620730133851369,1610014,"result/fits/scenario_07_n500_J24_K3/replicate_014.rds"
7,15,500,48,24,3,3,0.881671701913394,0.099917574458147,0.229356769109989,0.617638659477234,1610015,"result/fits/scenario_07_n500_J24_K3/replicate_015.rds"
7,16,500,48,24,3,3,0.959577343654012,0.0871828282464935,0.297795976215724,0.610550395647685,1610016,"result/fits/scenario_07_n500_J24_K3/replicate_016.rds"
7,17,500,48,24,3,3,0.911687335588125,0.0856894053749864,0.225928458059782,0.618883029619853,1610017,"result/fits/scenario_07_n500_J24_K3/replicate_017.rds"
7,18,500,48,24,3,3,0.787714543812105,0.11904677543017,0.213251151955173,0.61970579624176,1610018,"result/fits/scenario_07_n500_J24_K3/replicate_018.rds"
7,19,500,48,24,3,3,0.935237379431291,0.0991080983436869,0.213922038805703,0.596936082839966,1610019,"result/fits/scenario_07_n500_J24_K3/replicate_019.rds"
7,20,500,48,24,3,3,0.917975567190227,0.0885819953018668,0.285825596827693,0.591214899222056,1610020,"result/fits/scenario_07_n500_J24_K3/replicate_020.rds"
7,21,500,48,24,3,3,0.832697686244597,0.104082881171151,0.34230719065086,0.595355216662089,1610021,"result/fits/scenario_07_n500_J24_K3/replicate_021.rds"
7,22,500,48,24,3,3,0.959186205185461,0.100041089853722,0.248318457569649,0.596637221177419,1610022,"result/fits/scenario_07_n500_J24_K3/replicate_022.rds"
7,23,500,48,24,3,3,1,0.0878062649280951,0.279518876249999,0.600168637434642,1610023,"result/fits/scenario_07_n500_J24_K3/replicate_023.rds"
7,24,500,48,24,3,3,0.906257791074545,0.0992654026371031,0.15574698589009,0.601113704840342,1610024,"result/fits/scenario_07_n500_J24_K3/replicate_024.rds"
7,25,500,48,24,3,3,0.959577343654012,0.0937236681999722,0.294195041388194,0.599799891312917,1610025,"result/fits/scenario_07_n500_J24_K3/replicate_025.rds"
7,26,500,48,24,3,3,0.917975567190227,0.110888041570916,0.275238206683607,0.601300088564555,1610026,"result/fits/scenario_07_n500_J24_K3/replicate_026.rds"
7,27,500,48,24,3,3,0.875142314990512,0.0959671296999945,0.286672591631379,0.599334919452667,1610027,"result/fits/scenario_07_n500_J24_K3/replicate_027.rds"
7,28,500,48,24,3,3,0.924202952487284,0.0884352256804004,0.263129951319545,0.5992405017217,1610028,"result/fits/scenario_07_n500_J24_K3/replicate_028.rds"
7,29,500,48,24,3,3,0.911687335588125,0.0989140334694301,0.256260628035407,0.613699956734975,1610029,"result/fits/scenario_07_n500_J24_K3/replicate_029.rds"
7,30,500,48,24,3,3,0.911687335588125,0.106896420684675,0.24462860048905,0.615743927160899,1610030,"result/fits/scenario_07_n500_J24_K3/replicate_030.rds"
7,31,500,48,24,3,3,0.913380022115739,0.126055419028513,0.27337922586371,0.616570683320363,1610031,"result/fits/scenario_07_n500_J24_K3/replicate_031.rds"
7,32,500,48,24,3,3,0.93037037037037,0.0894988191662776,0.185925746523364,0.615979599952698,1610032,"result/fits/scenario_07_n500_J24_K3/replicate_032.rds"
7,33,500,48,24,3,3,0.947525120952735,0.0855888337239951,0.26379607452085,0.61735033194224,1610033,"result/fits/scenario_07_n500_J24_K3/replicate_033.rds"
7,34,500,48,24,3,3,0.745877264125439,0.134298244223887,0.275705042438042,0.615245215098063,1610034,"result/fits/scenario_07_n500_J24_K3/replicate_034.rds"
7,35,500,48,24,3,3,0.827577482605946,0.102610139663548,0.272940875328816,0.615273523330689,1610035,"result/fits/scenario_07_n500_J24_K3/replicate_035.rds"
7,36,500,48,24,3,3,0.875142314990512,0.0936208207186639,0.224518319200733,0.613259633382161,1610036,"result/fits/scenario_07_n500_J24_K3/replicate_036.rds"
7,37,500,48,24,3,3,0.917975567190227,0.102211214800771,0.227160890351429,0.614152995745341,1610037,"result/fits/scenario_07_n500_J24_K3/replicate_037.rds"
7,38,500,48,24,3,3,1,0.0829548988035163,0.263325427352752,0.613692502180735,1610038,"result/fits/scenario_07_n500_J24_K3/replicate_038.rds"
7,39,500,48,24,3,3,0.832697686244597,0.0953976338578745,0.309985048200944,0.613669717311859,1610039,"result/fits/scenario_07_n500_J24_K3/replicate_039.rds"
7,40,500,48,24,3,3,0.994280150906657,0.0860129477898296,0.290219721815044,0.611115928490957,1610040,"result/fits/scenario_07_n500_J24_K3/replicate_040.rds"
7,41,500,48,24,3,3,0.904398677854055,0.0984293071570756,0.210245392986552,0.613943417867025,1610041,"result/fits/scenario_07_n500_J24_K3/replicate_041.rds"
7,42,500,48,24,3,3,0.829312581063554,0.100105645307843,0.331776826010504,0.613738238811493,1610042,"result/fits/scenario_07_n500_J24_K3/replicate_042.rds"
7,43,500,48,24,3,3,0.911687335588125,0.110297391428216,0.238632042969967,0.615415239334106,1610043,"result/fits/scenario_07_n500_J24_K3/replicate_043.rds"
7,44,500,48,24,3,3,0.924202952487284,0.0899710715950031,0.333092784909446,0.600542934735616,1610044,"result/fits/scenario_07_n500_J24_K3/replicate_044.rds"
7,45,500,48,24,3,3,0.875142314990512,0.107399604061767,0.247989781158208,0.665006319681803,1610045,"result/fits/scenario_07_n500_J24_K3/replicate_045.rds"
7,46,500,48,24,3,3,0.799845141308556,0.113499859533946,0.241503982700323,0.663878468672434,1610046,"result/fits/scenario_07_n500_J24_K3/replicate_046.rds"
7,47,500,48,24,3,3,0.911687335588125,0.091947696827103,0.287538635284078,0.608953456083933,1610047,"result/fits/scenario_07_n500_J24_K3/replicate_047.rds"
7,48,500,48,24,3,3,0.876362269823375,0.102882004810288,0.276370561221718,0.609506622950236,1610048,"result/fits/scenario_07_n500_J24_K3/replicate_048.rds"
7,49,500,48,24,3,3,0.875142314990512,0.0965357401779537,0.327827825897449,0.60747078259786,1610049,"result/fits/scenario_07_n500_J24_K3/replicate_049.rds"
7,50,500,48,24,3,3,0.959186205185461,0.09313301607434,0.219040371610905,0.609537291526794,1610050,"result/fits/scenario_07_n500_J24_K3/replicate_050.rds"
7,51,500,48,24,3,3,0.831022085259373,0.105725637896473,0.191893605577296,0.607750956217448,1610051,"result/fits/scenario_07_n500_J24_K3/replicate_051.rds"
7,52,500,48,24,3,3,0.869838872104733,0.105888715323708,0.270476417322283,0.60802059173584,1610052,"result/fits/scenario_07_n500_J24_K3/replicate_052.rds"
7,53,500,48,24,3,3,0.988505747126437,0.0952775684286545,0.293859261542069,0.606310641765594,1610053,"result/fits/scenario_07_n500_J24_K3/replicate_053.rds"
7,54,500,48,24,3,3,0.825859205314936,0.103745050160159,0.235847281662468,0.609103798866272,1610054,"result/fits/scenario_07_n500_J24_K3/replicate_054.rds"
7,55,500,48,24,3,3,0.811975738805007,0.0959583194979244,0.299860863954141,0.608384895324707,1610055,"result/fits/scenario_07_n500_J24_K3/replicate_055.rds"
7,56,500,48,24,3,3,0.917975567190227,0.100009361428641,0.259924383617641,0.609844350814819,1610056,"result/fits/scenario_07_n500_J24_K3/replicate_056.rds"
7,57,500,48,24,3,3,0.959577343654012,0.0825120599688608,0.253881274544019,0.60946935415268,1610057,"result/fits/scenario_07_n500_J24_K3/replicate_057.rds"
7,58,500,48,24,3,3,0.787714543812105,0.100261679089095,0.290471697886881,0.609655177593231,1610058,"result/fits/scenario_07_n500_J24_K3/replicate_058.rds"
7,59,500,48,24,3,3,0.855161787365177,0.0996799958039534,0.185380855321208,0.609580628077189,1610059,"result/fits/scenario_07_n500_J24_K3/replicate_059.rds"
7,60,500,48,24,3,3,0.911687335588125,0.100078532437745,0.274098785739831,0.60795640150706,1610060,"result/fits/scenario_07_n500_J24_K3/replicate_060.rds"
7,61,500,48,24,3,3,0.910815939278937,0.0937402022470529,0.22308948496884,0.607889938354492,1610061,"result/fits/scenario_07_n500_J24_K3/replicate_061.rds"
7,62,500,48,24,3,3,0.785555990092556,0.102376004334286,0.319282373107505,0.643861770629883,1610062,"result/fits/scenario_07_n500_J24_K3/replicate_062.rds"
7,63,500,48,24,3,3,0.718562874251497,0.106995049878174,0.266774643315003,0.622385593255361,1610063,"result/fits/scenario_07_n500_J24_K3/replicate_063.rds"
7,64,500,48,24,3,3,0.917975567190227,0.0972701151247943,0.314817420756422,0.640238193670909,1610064,"result/fits/scenario_07_n500_J24_K3/replicate_064.rds"
7,65,500,48,24,3,3,0.95358024691358,0.0961991327537441,0.265139905839757,0.623686842123667,1610065,"result/fits/scenario_07_n500_J24_K3/replicate_065.rds"
7,66,500,48,24,3,3,0.869838872104733,0.0928727695748885,0.245874611732969,0.598145910104116,1610066,"result/fits/scenario_07_n500_J24_K3/replicate_066.rds"
7,67,500,48,24,3,3,0.863251106894371,0.112639826432462,0.116120889353272,0.623146947224935,1610067,"result/fits/scenario_07_n500_J24_K3/replicate_067.rds"
7,68,500,48,24,3,3,0.868548182049326,0.0971308726462487,0.235255657385712,0.654723926385244,1610068,"result/fits/scenario_07_n500_J24_K3/replicate_068.rds"
7,69,500,48,24,3,3,0.911687335588125,0.0921119107610093,0.131055395409378,0.619731644789378,1610069,"result/fits/scenario_07_n500_J24_K3/replicate_069.rds"
7,70,500,48,24,3,3,0.876362269823375,0.0903302365857044,0.184869681858453,0.569886501630147,1610070,"result/fits/scenario_07_n500_J24_K3/replicate_070.rds"
7,71,500,48,24,3,3,0.917170191339376,0.0966449570656045,0.136945159344097,0.654884870847066,1610071,"result/fits/scenario_07_n500_J24_K3/replicate_071.rds"
7,72,500,48,24,3,3,0.917975567190227,0.0963805707964474,0.2721560731523,0.578975093364716,1610072,"result/fits/scenario_07_n500_J24_K3/replicate_072.rds"
7,73,500,48,24,3,3,0.95358024691358,0.109571028370971,0.261147744451585,0.594321382045746,1610073,"result/fits/scenario_07_n500_J24_K3/replicate_073.rds"
7,74,500,48,24,3,3,1,0.100297888128551,0.221690742332968,0.595840605099996,1610074,"result/fits/scenario_07_n500_J24_K3/replicate_074.rds"
7,75,500,48,24,3,3,0.872628726287263,0.0975840750266821,0.221624197407758,0.593802034854889,1610075,"result/fits/scenario_07_n500_J24_K3/replicate_075.rds"
7,76,500,48,24,3,3,0.825859205314936,0.0968544632408823,0.230580608305132,0.593918824195862,1610076,"result/fits/scenario_07_n500_J24_K3/replicate_076.rds"
7,77,500,48,24,3,3,0.917975567190227,0.0851284549400925,0.276747432809651,0.600241661071777,1610077,"result/fits/scenario_07_n500_J24_K3/replicate_077.rds"
7,78,500,48,24,3,3,0.941975308641975,0.113717313843203,0.342841897763571,0.598852741718292,1610078,"result/fits/scenario_07_n500_J24_K3/replicate_078.rds"
7,79,500,48,24,3,3,0.885907755206337,0.110197361874002,0.365181177731645,0.597819284598033,1610079,"result/fits/scenario_07_n500_J24_K3/replicate_079.rds"
7,80,500,48,24,3,3,0.869838872104733,0.096185956306126,0.254307839295251,0.5972110191981,1610080,"result/fits/scenario_07_n500_J24_K3/replicate_080.rds"
7,81,500,48,24,3,3,0.917975567190227,0.102122363342276,0.323020011129049,0.598439641793569,1610081,"result/fits/scenario_07_n500_J24_K3/replicate_081.rds"
7,82,500,48,24,3,3,0.905337361530715,0.100667492758791,0.216378678562294,0.598925666014353,1610082,"result/fits/scenario_07_n500_J24_K3/replicate_082.rds"
7,83,500,48,24,3,3,0.959577343654012,0.105541458265434,0.236464069260409,0.597191337744395,1610083,"result/fits/scenario_07_n500_J24_K3/replicate_083.rds"
7,84,500,48,24,3,3,0.95358024691358,0.0990649239201332,0.196172526922618,0.597591789563497,1610084,"result/fits/scenario_07_n500_J24_K3/replicate_084.rds"
7,85,500,48,24,3,3,0.831022085259373,0.0973740026024694,0.39172063289386,0.600196007887522,1610085,"result/fits/scenario_07_n500_J24_K3/replicate_085.rds"
7,86,500,48,24,3,3,0.959577343654012,0.093549803580572,0.311738967207322,0.598910955588023,1610086,"result/fits/scenario_07_n500_J24_K3/replicate_086.rds"
7,87,500,48,24,3,3,0.910815939278937,0.102507598011658,0.304615480705279,0.594455663363139,1610087,"result/fits/scenario_07_n500_J24_K3/replicate_087.rds"
7,88,500,48,24,3,3,0.832697686244597,0.106657333025364,0.242304063326282,0.594406497478485,1610088,"result/fits/scenario_07_n500_J24_K3/replicate_088.rds"
7,89,500,48,24,3,3,0.797809933515839,0.117859309307853,0.239166091405008,0.593057155609131,1610089,"result/fits/scenario_07_n500_J24_K3/replicate_089.rds"
7,90,500,48,24,3,3,1,0.0940469726530639,0.307210201534821,0.593945944309235,1610090,"result/fits/scenario_07_n500_J24_K3/replicate_090.rds"
7,91,500,48,24,3,3,0.917975567190227,0.100461787508153,0.290216908043879,0.620097347100576,1610091,"result/fits/scenario_07_n500_J24_K3/replicate_091.rds"
7,92,500,48,24,3,3,0.832697686244597,0.0998343529159198,0.286101590898462,0.615965767701467,1610092,"result/fits/scenario_07_n500_J24_K3/replicate_092.rds"
7,93,500,48,24,3,3,0.911687335588125,0.0969166529608218,0.277396585375972,0.616650259494781,1610093,"result/fits/scenario_07_n500_J24_K3/replicate_093.rds"
7,94,500,48,24,3,3,0.837868915293216,0.101331992818909,0.215673561938461,0.616479961077372,1610094,"result/fits/scenario_07_n500_J24_K3/replicate_094.rds"
7,95,500,48,24,3,3,0.912541868254559,0.103370174430449,0.280658176479984,0.618427236874898,1610095,"result/fits/scenario_07_n500_J24_K3/replicate_095.rds"
7,96,500,48,24,3,3,1,0.0798791778531421,0.311926194058902,0.616074562072754,1610096,"result/fits/scenario_07_n500_J24_K3/replicate_096.rds"
7,97,500,48,24,3,3,0.790618448637317,0.106529468937148,0.180104581306176,0.616427807013194,1610097,"result/fits/scenario_07_n500_J24_K3/replicate_097.rds"
7,98,500,48,24,3,3,0.959186205185461,0.109852733535797,0.310746591911575,0.618393901983897,1610098,"result/fits/scenario_07_n500_J24_K3/replicate_098.rds"
7,99,500,48,24,3,3,0.832697686244597,0.0881992666608571,0.302270652151687,0.61627717812856,1610099,"result/fits/scenario_07_n500_J24_K3/replicate_099.rds"
7,100,500,48,24,3,3,0.837868915293216,0.11763094603362,0.227090182653094,0.616484415531158,1610100,"result/fits/scenario_07_n500_J24_K3/replicate_100.rds"
8,1,1000,48,24,3,3,0.95358024691358,0.0893660966564744,0.15398932809206,1.15195845762889,1710001,"result/fits/scenario_08_n1000_J24_K3/replicate_001.rds"
8,2,1000,48,24,3,3,0.994280150906657,0.0696793107140187,0.245678145254313,1.15197151104609,1710002,"result/fits/scenario_08_n1000_J24_K3/replicate_002.rds"
8,3,1000,48,24,3,3,0.917975567190227,0.0780930573095941,0.178739274826817,1.14904584884644,1710003,"result/fits/scenario_08_n1000_J24_K3/replicate_003.rds"
8,4,1000,48,24,3,3,0.917975567190227,0.0751083068285068,0.157302301647659,1.14860389232636,1710004,"result/fits/scenario_08_n1000_J24_K3/replicate_004.rds"
8,5,1000,48,24,3,3,0.994280150906657,0.0647842594426472,0.156089295814829,1.14353327353795,1710005,"result/fits/scenario_08_n1000_J24_K3/replicate_005.rds"
8,6,1000,48,24,3,3,0.959577343654012,0.0742847865106576,0.241567372665549,1.17271246512731,1710006,"result/fits/scenario_08_n1000_J24_K3/replicate_006.rds"
8,7,1000,48,24,3,3,0.95358024691358,0.075677689886045,0.162908018151379,1.17487859328588,1710007,"result/fits/scenario_08_n1000_J24_K3/replicate_007.rds"
8,8,1000,48,24,3,3,0.994280150906657,0.0778595113466394,0.17905348273717,1.17324310541153,1710008,"result/fits/scenario_08_n1000_J24_K3/replicate_008.rds"
8,9,1000,48,24,3,3,1,0.0635475618150422,0.232056790283457,1.17917797168096,1710009,"result/fits/scenario_08_n1000_J24_K3/replicate_009.rds"
8,10,1000,48,24,3,3,0.994280150906657,0.0687089731122311,0.125651120857581,1.17502353191376,1710010,"result/fits/scenario_08_n1000_J24_K3/replicate_010.rds"
8,11,1000,48,24,3,3,0.922707147375079,0.0774511648492269,0.250548935970716,1.17432493766149,1710011,"result/fits/scenario_08_n1000_J24_K3/replicate_011.rds"
8,12,1000,48,24,3,3,0.959577343654012,0.0626759942484181,0.171987875354659,1.15492529471715,1710012,"result/fits/scenario_08_n1000_J24_K3/replicate_012.rds"
8,13,1000,48,24,3,3,0.994280150906657,0.0672920953710595,0.164143795508214,1.15434170166651,1710013,"result/fits/scenario_08_n1000_J24_K3/replicate_013.rds"
8,14,1000,48,24,3,3,0.875142314990512,0.0722567428107457,0.185342102799405,1.15462448596954,1710014,"result/fits/scenario_08_n1000_J24_K3/replicate_014.rds"
8,15,1000,48,24,3,3,0.911687335588125,0.0822699315701462,0.188964191702953,1.15966395537059,1710015,"result/fits/scenario_08_n1000_J24_K3/replicate_015.rds"
8,16,1000,48,24,3,3,1,0.0664686412299948,0.198485957554348,1.15041949748993,1710016,"result/fits/scenario_08_n1000_J24_K3/replicate_016.rds"
8,17,1000,48,24,3,3,0.959577343654012,0.0782649699558216,0.210315703615693,1.18201975425084,1710017,"result/fits/scenario_08_n1000_J24_K3/replicate_017.rds"
8,18,1000,48,24,3,3,0.912541868254559,0.0888750994583962,0.191799903905624,1.17927147944768,1710018,"result/fits/scenario_08_n1000_J24_K3/replicate_018.rds"
8,19,1000,48,24,3,3,0.994280150906657,0.068914909803984,0.143476508837104,1.17471806605657,1710019,"result/fits/scenario_08_n1000_J24_K3/replicate_019.rds"
8,20,1000,48,24,3,3,0.95358024691358,0.0702519728002882,0.157677613886842,1.17658982276917,1710020,"result/fits/scenario_08_n1000_J24_K3/replicate_020.rds"
8,21,1000,48,24,3,3,1,0.0755098937606521,0.145691983866178,1.18258802096049,1710021,"result/fits/scenario_08_n1000_J24_K3/replicate_021.rds"
8,22,1000,48,24,3,3,1,0.0576605201518096,0.169475751850232,1.23335901498795,1710022,"result/fits/scenario_08_n1000_J24_K3/replicate_022.rds"
8,23,1000,48,24,3,3,0.832697686244597,0.0726014535450033,0.16067932891608,1.23875225782394,1710023,"result/fits/scenario_08_n1000_J24_K3/replicate_023.rds"
8,24,1000,48,24,3,3,0.988505747126437,0.0725154375440338,0.204361717801437,1.23405967156092,1710024,"result/fits/scenario_08_n1000_J24_K3/replicate_024.rds"
8,25,1000,48,24,3,3,1,0.0591070091668552,0.183512953556191,1.23230437437693,1710025,"result/fits/scenario_08_n1000_J24_K3/replicate_025.rds"
8,26,1000,48,24,3,3,1,0.0644612710651917,0.121829361716713,1.23514651854833,1710026,"result/fits/scenario_08_n1000_J24_K3/replicate_026.rds"
8,27,1000,48,24,3,3,0.768352788586252,0.0793448809836973,0.279460132335769,1.2351447780927,1710027,"result/fits/scenario_08_n1000_J24_K3/replicate_027.rds"
8,28,1000,48,24,3,3,0.917975567190227,0.0763724538689171,0.225968143041866,1.23651998440425,1710028,"result/fits/scenario_08_n1000_J24_K3/replicate_028.rds"
8,29,1000,48,24,3,3,0.888137291744958,0.0731563128811137,0.236970461315023,1.22819018761317,1710029,"result/fits/scenario_08_n1000_J24_K3/replicate_029.rds"
8,30,1000,48,24,3,3,1,0.0687617398798007,0.117441511791017,1.23309644858042,1710030,"result/fits/scenario_08_n1000_J24_K3/replicate_030.rds"
8,31,1000,48,24,3,3,0.869838872104733,0.068420824692271,0.158056570238567,1.25260424216588,1710031,"result/fits/scenario_08_n1000_J24_K3/replicate_031.rds"
8,32,1000,48,24,3,3,1,0.0738244010268677,0.183009212803241,1.25048509438833,1710032,"result/fits/scenario_08_n1000_J24_K3/replicate_032.rds"
8,33,1000,48,24,3,3,1,0.067040321618335,0.244562688556147,1.24607741832733,1710033,"result/fits/scenario_08_n1000_J24_K3/replicate_033.rds"
8,34,1000,48,24,3,3,0.917170191339376,0.065511184679221,0.204576552199314,1.23353886206945,1710034,"result/fits/scenario_08_n1000_J24_K3/replicate_034.rds"
8,35,1000,48,24,3,3,1,0.0672260280832599,0.153631747684717,1.23325411876043,1710035,"result/fits/scenario_08_n1000_J24_K3/replicate_035.rds"
8,36,1000,48,24,3,3,1,0.0652489465115444,0.180459812824644,1.2353982925415,1710036,"result/fits/scenario_08_n1000_J24_K3/replicate_036.rds"
8,37,1000,48,24,3,3,0.959577343654012,0.070557056698799,0.181352607405275,1.23048367897669,1710037,"result/fits/scenario_08_n1000_J24_K3/replicate_037.rds"
8,38,1000,48,24,3,3,1,0.0795423305594541,0.200677169726023,1.23155044317245,1710038,"result/fits/scenario_08_n1000_J24_K3/replicate_038.rds"
8,39,1000,48,24,3,3,0.910815939278937,0.076632033867348,0.212754470985815,1.22936945756276,1710039,"result/fits/scenario_08_n1000_J24_K3/replicate_039.rds"
8,40,1000,48,24,3,3,0.959577343654012,0.0814354229357286,0.0998580638488271,1.22936919530233,1710040,"result/fits/scenario_08_n1000_J24_K3/replicate_040.rds"
8,41,1000,48,24,3,3,0.93037037037037,0.0768017263599931,0.237866638384341,1.22840164899826,1710041,"result/fits/scenario_08_n1000_J24_K3/replicate_041.rds"
8,42,1000,48,24,3,3,0.959186205185461,0.0830477605285372,0.175568529177629,1.2723285039266,1710042,"result/fits/scenario_08_n1000_J24_K3/replicate_042.rds"
8,43,1000,48,24,3,3,0.959577343654012,0.078552259462512,0.163427494422853,1.22150252262751,1710043,"result/fits/scenario_08_n1000_J24_K3/replicate_043.rds"
8,44,1000,48,24,3,3,0.917975567190227,0.077869669156308,0.191080691233996,1.22021329800288,1710044,"result/fits/scenario_08_n1000_J24_K3/replicate_044.rds"
8,45,1000,48,24,3,3,0.93037037037037,0.0691751155089403,0.251472357225708,1.22026055256526,1710045,"result/fits/scenario_08_n1000_J24_K3/replicate_045.rds"
8,46,1000,48,24,3,3,0.875142314990512,0.072128956529547,0.126291957302327,1.2181800921758,1710046,"result/fits/scenario_08_n1000_J24_K3/replicate_046.rds"
8,47,1000,48,24,3,3,0.95358024691358,0.0707726928672179,0.262130217315518,1.21422978242238,1710047,"result/fits/scenario_08_n1000_J24_K3/replicate_047.rds"
8,48,1000,48,24,3,3,0.917975567190227,0.0709709558414711,0.146256288531775,1.21835030317307,1710048,"result/fits/scenario_08_n1000_J24_K3/replicate_048.rds"
8,49,1000,48,24,3,3,1,0.0733247553620922,0.171650212020871,1.21781771183014,1710049,"result/fits/scenario_08_n1000_J24_K3/replicate_049.rds"
8,50,1000,48,24,3,3,1,0.0741284460478925,0.204829008573475,1.22782382965088,1710050,"result/fits/scenario_08_n1000_J24_K3/replicate_050.rds"
8,51,1000,48,24,3,3,0.959577343654012,0.0710035271326487,0.181803467880217,1.21297357877096,1710051,"result/fits/scenario_08_n1000_J24_K3/replicate_051.rds"
8,52,1000,48,24,3,3,1,0.0595789470110112,0.20571417065729,1.2198048154513,1710052,"result/fits/scenario_08_n1000_J24_K3/replicate_052.rds"
8,53,1000,48,24,3,3,0.959577343654012,0.0719084059354425,0.210010870335891,1.15252588589986,1710053,"result/fits/scenario_08_n1000_J24_K3/replicate_053.rds"
8,54,1000,48,24,3,3,0.917975567190227,0.081821493517909,0.211989829232532,1.16715770959854,1710054,"result/fits/scenario_08_n1000_J24_K3/replicate_054.rds"
8,55,1000,48,24,3,3,0.911687335588125,0.0801606606580204,0.150587044411305,1.16749511559804,1710055,"result/fits/scenario_08_n1000_J24_K3/replicate_055.rds"
8,56,1000,48,24,3,3,1,0.0792323659380373,0.11902469258778,1.16784691810608,1710056,"result/fits/scenario_08_n1000_J24_K3/replicate_056.rds"
8,57,1000,48,24,3,3,1,0.0700614223394233,0.186464743713007,1.16373668511709,1710057,"result/fits/scenario_08_n1000_J24_K3/replicate_057.rds"
8,58,1000,48,24,3,3,0.959577343654012,0.0781533212269268,0.200549027582676,1.16385960578918,1710058,"result/fits/scenario_08_n1000_J24_K3/replicate_058.rds"
8,59,1000,48,24,3,3,0.959577343654012,0.0747619249830582,0.19981942388787,1.16614202658335,1710059,"result/fits/scenario_08_n1000_J24_K3/replicate_059.rds"
8,60,1000,48,24,3,3,0.959577343654012,0.0661707295869401,0.143817429360999,1.1677038192749,1710060,"result/fits/scenario_08_n1000_J24_K3/replicate_060.rds"
8,61,1000,48,24,3,3,0.959577343654012,0.0735735784391542,0.200502226904329,1.16465945243835,1710061,"result/fits/scenario_08_n1000_J24_K3/replicate_061.rds"
8,62,1000,48,24,3,3,0.970847289418186,0.0681533796874829,0.196062012193529,1.16585442622503,1710062,"result/fits/scenario_08_n1000_J24_K3/replicate_062.rds"
8,63,1000,48,24,3,3,0.95358024691358,0.0729148230241488,0.173695286810054,1.17284101645152,1710063,"result/fits/scenario_08_n1000_J24_K3/replicate_063.rds"
8,64,1000,48,24,3,3,0.959577343654012,0.0832877577361315,0.228053649015795,1.1687108874321,1710064,"result/fits/scenario_08_n1000_J24_K3/replicate_064.rds"
8,65,1000,48,24,3,3,0.959577343654012,0.0757005952552061,0.173635830211751,1.16289153893789,1710065,"result/fits/scenario_08_n1000_J24_K3/replicate_065.rds"
8,66,1000,48,24,3,3,0.994280150906657,0.0756469204245661,0.145604288934292,1.16127990086873,1710066,"result/fits/scenario_08_n1000_J24_K3/replicate_066.rds"
8,67,1000,48,24,3,3,1,0.0768486605742535,0.166037041753655,1.16178719202677,1710067,"result/fits/scenario_08_n1000_J24_K3/replicate_067.rds"
8,68,1000,48,24,3,3,0.959577343654012,0.0734494510014271,0.18824403331311,1.16170057853063,1710068,"result/fits/scenario_08_n1000_J24_K3/replicate_068.rds"
8,69,1000,48,24,3,3,0.917975567190227,0.0738067769110412,0.185993186159265,1.16226179202398,1710069,"result/fits/scenario_08_n1000_J24_K3/replicate_069.rds"
8,70,1000,48,24,3,3,1,0.0677531993566902,0.173596191249458,1.16429697672526,1710070,"result/fits/scenario_08_n1000_J24_K3/replicate_070.rds"
8,71,1000,48,24,3,3,0.917975567190227,0.065881892011241,0.153558810357068,1.16478245655696,1710071,"result/fits/scenario_08_n1000_J24_K3/replicate_071.rds"
8,72,1000,48,24,3,3,0.970847289418186,0.0705055673736352,0.17886311392236,1.16610734860102,1710072,"result/fits/scenario_08_n1000_J24_K3/replicate_072.rds"
8,73,1000,48,24,3,3,0.95358024691358,0.0675359761927776,0.207011900170162,1.16283561786016,1710073,"result/fits/scenario_08_n1000_J24_K3/replicate_073.rds"
8,74,1000,48,24,3,3,0.95358024691358,0.0723280871173536,0.174330032437349,1.16572137276332,1710074,"result/fits/scenario_08_n1000_J24_K3/replicate_074.rds"
8,75,1000,48,24,3,3,0.875142314990512,0.0770100629296736,0.222266641797789,1.17471009492874,1710075,"result/fits/scenario_08_n1000_J24_K3/replicate_075.rds"
8,76,1000,48,24,3,3,1,0.0765166160612572,0.196318699771513,1.10449670950572,1710076,"result/fits/scenario_08_n1000_J24_K3/replicate_076.rds"
8,77,1000,48,24,3,3,0.95358024691358,0.0768853123440958,0.164938764964816,1.10417649745941,1710077,"result/fits/scenario_08_n1000_J24_K3/replicate_077.rds"
8,78,1000,48,24,3,3,0.881671701913394,0.0698472616107013,0.21228441224527,1.24341641664505,1710078,"result/fits/scenario_08_n1000_J24_K3/replicate_078.rds"
8,79,1000,48,24,3,3,0.994280150906657,0.0662770599126073,0.208621323433136,1.23051232496897,1710079,"result/fits/scenario_08_n1000_J24_K3/replicate_079.rds"
8,80,1000,48,24,3,3,1,0.0674584356057231,0.149077230602526,1.1804025053978,1710080,"result/fits/scenario_08_n1000_J24_K3/replicate_080.rds"
8,81,1000,48,24,3,3,0.95358024691358,0.0754088610089914,0.190751103284862,1.18204069137573,1710081,"result/fits/scenario_08_n1000_J24_K3/replicate_081.rds"
8,82,1000,48,24,3,3,0.994280150906657,0.0790853416353166,0.202928761625887,1.18552854061127,1710082,"result/fits/scenario_08_n1000_J24_K3/replicate_082.rds"
8,83,1000,48,24,3,3,0.959577343654012,0.0785552439197799,0.234500236573239,1.18579655885696,1710083,"result/fits/scenario_08_n1000_J24_K3/replicate_083.rds"
8,84,1000,48,24,3,3,0.959577343654012,0.0702115383720238,0.21584138048954,1.27326331535975,1710084,"result/fits/scenario_08_n1000_J24_K3/replicate_084.rds"
8,85,1000,48,24,3,3,0.917975567190227,0.0664902914642179,0.17901880387723,1.27482297817866,1710085,"result/fits/scenario_08_n1000_J24_K3/replicate_085.rds"
8,86,1000,48,24,3,3,1,0.0699774214341048,0.128864226862176,1.27054565747579,1710086,"result/fits/scenario_08_n1000_J24_K3/replicate_086.rds"
8,87,1000,48,24,3,3,1,0.0637457070285843,0.193991735272348,1.27685483296712,1710087,"result/fits/scenario_08_n1000_J24_K3/replicate_087.rds"
8,88,1000,48,24,3,3,0.959577343654012,0.0691046985786079,0.167975943189136,1.27320762872696,1710088,"result/fits/scenario_08_n1000_J24_K3/replicate_088.rds"
8,89,1000,48,24,3,3,0.959577343654012,0.0793011297624229,0.181275383160627,1.26991256475449,1710089,"result/fits/scenario_08_n1000_J24_K3/replicate_089.rds"
8,90,1000,48,24,3,3,0.95358024691358,0.0822716475309532,0.163285438185464,1.27834581931432,1710090,"result/fits/scenario_08_n1000_J24_K3/replicate_090.rds"
8,91,1000,48,24,3,3,1,0.0615402763842122,0.14246283848862,1.27478456894557,1710091,"result/fits/scenario_08_n1000_J24_K3/replicate_091.rds"
8,92,1000,48,24,3,3,0.875142314990512,0.0684492667939952,0.202232967444381,1.16398186683655,1710092,"result/fits/scenario_08_n1000_J24_K3/replicate_092.rds"
8,93,1000,48,24,3,3,0.917975567190227,0.070466112788069,0.138009131924427,1.16669549544652,1710093,"result/fits/scenario_08_n1000_J24_K3/replicate_093.rds"
8,94,1000,48,24,3,3,1,0.0673785447940364,0.222822751912396,1.1686718861262,1710094,"result/fits/scenario_08_n1000_J24_K3/replicate_094.rds"
8,95,1000,48,24,3,3,0.959577343654012,0.0599658006133618,0.16499110887764,1.1645440975825,1710095,"result/fits/scenario_08_n1000_J24_K3/replicate_095.rds"
8,96,1000,48,24,3,3,0.869838872104733,0.0724921043716751,0.207018718225318,1.15511639118195,1710096,"result/fits/scenario_08_n1000_J24_K3/replicate_096.rds"
8,97,1000,48,24,3,3,0.917975567190227,0.0789179052794389,0.243502367584304,1.15122189919154,1710097,"result/fits/scenario_08_n1000_J24_K3/replicate_097.rds"
8,98,1000,48,24,3,3,0.959577343654012,0.0692545825382187,0.162026697133222,1.15241574843725,1710098,"result/fits/scenario_08_n1000_J24_K3/replicate_098.rds"
8,99,1000,48,24,3,3,0.959577343654012,0.0650486928688995,0.218870419606134,1.15689419905345,1710099,"result/fits/scenario_08_n1000_J24_K3/replicate_099.rds"
8,100,1000,48,24,3,3,0.959186205185461,0.0786741261945906,0.214725293223478,1.16377816597621,1710100,"result/fits/scenario_08_n1000_J24_K3/replicate_100.rds"
9,1,2000,48,24,3,3,1,0.052641109099836,0.131154654439879,2.27603485981623,1810001,"result/fits/scenario_09_n2000_J24_K3/replicate_001.rds"
9,2,2000,48,24,3,3,0.959577343654012,0.048575245655446,0.109123158103201,3.06751571893692,1810002,"result/fits/scenario_09_n2000_J24_K3/replicate_002.rds"
9,3,2000,48,24,3,3,0.959577343654012,0.0542272209802244,0.14533883083466,2.27354376713435,1810003,"result/fits/scenario_09_n2000_J24_K3/replicate_003.rds"
9,4,2000,48,24,3,3,1,0.0484858671379659,0.127715525764745,2.26557308038076,1810004,"result/fits/scenario_09_n2000_J24_K3/replicate_004.rds"
9,5,2000,48,24,3,3,1,0.052052743844112,0.123228441861689,2.27709615627925,1810005,"result/fits/scenario_09_n2000_J24_K3/replicate_005.rds"
9,6,2000,48,24,3,3,1,0.0512098340998918,0.107701572189142,2.2711993654569,1810006,"result/fits/scenario_09_n2000_J24_K3/replicate_006.rds"
9,7,2000,48,24,3,3,1,0.0528972535666894,0.177182379270515,2.26363724072774,1810007,"result/fits/scenario_09_n2000_J24_K3/replicate_007.rds"
9,8,2000,48,24,3,3,1,0.0596053847951299,0.162706187320154,2.27989476919174,1810008,"result/fits/scenario_09_n2000_J24_K3/replicate_008.rds"
9,9,2000,48,24,3,3,1,0.0479328560408718,0.128366004606425,2.27246445417404,1810009,"result/fits/scenario_09_n2000_J24_K3/replicate_009.rds"
9,10,2000,48,24,3,3,1,0.0552761586632683,0.0930789423064,2.40638884305954,1810010,"result/fits/scenario_09_n2000_J24_K3/replicate_010.rds"
9,11,2000,48,24,3,3,1,0.0509756113358392,0.157544644990217,2.40812868674596,1810011,"result/fits/scenario_09_n2000_J24_K3/replicate_011.rds"
9,12,2000,48,24,3,3,0.959577343654012,0.0530963402974838,0.0722236554626964,2.40498800675074,1810012,"result/fits/scenario_09_n2000_J24_K3/replicate_012.rds"
9,13,2000,48,24,3,3,0.959186205185461,0.0543492388457666,0.176210247900735,2.40351863304774,1810013,"result/fits/scenario_09_n2000_J24_K3/replicate_013.rds"
9,14,2000,48,24,3,3,0.994280150906657,0.0509876165596606,0.181192006622054,2.40461051861445,1810014,"result/fits/scenario_09_n2000_J24_K3/replicate_014.rds"
9,15,2000,48,24,3,3,1,0.0557853602894212,0.124147155758129,2.41474333604177,1810015,"result/fits/scenario_09_n2000_J24_K3/replicate_015.rds"
9,16,2000,48,24,3,3,1,0.0506736030981332,0.131803068717298,3.07453699906667,1810016,"result/fits/scenario_09_n2000_J24_K3/replicate_016.rds"
9,17,2000,48,24,3,3,0.959577343654012,0.0513302720506497,0.130304667904518,2.41094788312912,1810017,"result/fits/scenario_09_n2000_J24_K3/replicate_017.rds"
9,18,2000,48,24,3,3,1,0.0506903425491393,0.144914138081682,2.40544884204864,1810018,"result/fits/scenario_09_n2000_J24_K3/replicate_018.rds"
9,19,2000,48,24,3,3,1,0.0558369355161468,0.114572735531332,2.40253501733144,1810019,"result/fits/scenario_09_n2000_J24_K3/replicate_019.rds"
9,20,2000,48,24,3,3,0.959577343654012,0.0550757783023226,0.156009496733968,2.41324201822281,1810020,"result/fits/scenario_09_n2000_J24_K3/replicate_020.rds"
9,21,2000,48,24,3,3,0.994280150906657,0.0592112535450631,0.146343213024495,2.40529798666636,1810021,"result/fits/scenario_09_n2000_J24_K3/replicate_021.rds"
9,22,2000,48,24,3,3,1,0.0555474173375478,0.131554141416085,2.40243413050969,1810022,"result/fits/scenario_09_n2000_J24_K3/replicate_022.rds"
9,23,2000,48,24,3,3,1,0.0550331703711905,0.155570837199097,2.40769230127335,1810023,"result/fits/scenario_09_n2000_J24_K3/replicate_023.rds"
9,24,2000,48,24,3,3,0.959577343654012,0.0562984645056983,0.178122585644754,2.40883453289668,1810024,"result/fits/scenario_09_n2000_J24_K3/replicate_024.rds"
9,25,2000,48,24,3,3,1,0.0481771060005158,0.187344007096799,2.40004766384761,1810025,"result/fits/scenario_09_n2000_J24_K3/replicate_025.rds"
9,26,2000,48,24,3,3,1,0.0520388492232629,0.112447876733797,2.4180873632431,1810026,"result/fits/scenario_09_n2000_J24_K3/replicate_026.rds"
9,27,2000,48,24,3,3,1,0.0543806762977761,0.1676782693402,2.2377642472585,1810027,"result/fits/scenario_09_n2000_J24_K3/replicate_027.rds"
9,28,2000,48,24,3,3,1,0.0516987278279131,0.144471624600837,2.2369667728742,1810028,"result/fits/scenario_09_n2000_J24_K3/replicate_028.rds"
9,29,2000,48,24,3,3,0.959577343654012,0.0588853244621511,0.11759630388819,2.23940163850784,1810029,"result/fits/scenario_09_n2000_J24_K3/replicate_029.rds"
9,30,2000,48,24,3,3,1,0.0546768317924694,0.16756360791111,2.23994328578313,1810030,"result/fits/scenario_09_n2000_J24_K3/replicate_030.rds"
9,31,2000,48,24,3,3,0.959577343654012,0.0511181716277265,0.112754588038273,2.23836948871613,1810031,"result/fits/scenario_09_n2000_J24_K3/replicate_031.rds"
9,32,2000,48,24,3,3,1,0.0542508143158735,0.197130106725845,2.24366945028305,1810032,"result/fits/scenario_09_n2000_J24_K3/replicate_032.rds"
9,33,2000,48,24,3,3,1,0.0521584106182642,0.134365514336464,2.26087865034739,1810033,"result/fits/scenario_09_n2000_J24_K3/replicate_033.rds"
9,34,2000,48,24,3,3,1,0.0483756160430943,0.157791530948831,2.2353431781133,1810034,"result/fits/scenario_09_n2000_J24_K3/replicate_034.rds"
9,35,2000,48,24,3,3,1,0.0533326652538877,0.18662464670408,2.26027813752492,1810035,"result/fits/scenario_09_n2000_J24_K3/replicate_035.rds"
9,36,2000,48,24,3,3,0.959577343654012,0.0570785390325558,0.160936157185454,2.263516553243,1810036,"result/fits/scenario_09_n2000_J24_K3/replicate_036.rds"
9,37,2000,48,24,3,3,1,0.0523102326636358,0.114282262344234,2.26136395136515,1810037,"result/fits/scenario_09_n2000_J24_K3/replicate_037.rds"
9,38,2000,48,24,3,3,0.959577343654012,0.0550936325029771,0.124978243257673,2.25725497404734,1810038,"result/fits/scenario_09_n2000_J24_K3/replicate_038.rds"
9,39,2000,48,24,3,3,0.959577343654012,0.0536006215162481,0.156971318122543,2.25370664199193,1810039,"result/fits/scenario_09_n2000_J24_K3/replicate_039.rds"
9,40,2000,48,24,3,3,0.959577343654012,0.0538906147209793,0.115748502063786,2.27617073853811,1810040,"result/fits/scenario_09_n2000_J24_K3/replicate_040.rds"
9,41,2000,48,24,3,3,1,0.0561035005795289,0.176692193921182,2.26994739373525,1810041,"result/fits/scenario_09_n2000_J24_K3/replicate_041.rds"
9,42,2000,48,24,3,3,1,0.0560975028422343,0.149002408877555,2.27403277953466,1810042,"result/fits/scenario_09_n2000_J24_K3/replicate_042.rds"
9,43,2000,48,24,3,3,1,0.049886383778369,0.106330794334629,2.27746980190277,1810043,"result/fits/scenario_09_n2000_J24_K3/replicate_043.rds"
9,44,2000,48,24,3,3,1,0.0549762456686517,0.101993643112528,2.30465112129847,1810044,"result/fits/scenario_09_n2000_J24_K3/replicate_044.rds"
9,45,2000,48,24,3,3,1,0.0531347683650106,0.062008936596001,2.26706185738246,1810045,"result/fits/scenario_09_n2000_J24_K3/replicate_045.rds"
9,46,2000,48,24,3,3,1,0.0558319927752616,0.111858452164918,2.27318230470022,1810046,"result/fits/scenario_09_n2000_J24_K3/replicate_046.rds"
9,47,2000,48,24,3,3,1,0.0481009452187384,0.0801371387545372,2.27838687102,1810047,"result/fits/scenario_09_n2000_J24_K3/replicate_047.rds"
9,48,2000,48,24,3,3,1,0.0512995002004353,0.143846627830705,2.27263379494349,1810048,"result/fits/scenario_09_n2000_J24_K3/replicate_048.rds"
9,49,2000,48,24,3,3,1,0.0542508051918835,0.15184335099494,2.26325044234594,1810049,"result/fits/scenario_09_n2000_J24_K3/replicate_049.rds"
9,50,2000,48,24,3,3,1,0.0506176791891398,0.172099552055836,2.25341373284658,1810050,"result/fits/scenario_09_n2000_J24_K3/replicate_050.rds"
9,51,2000,48,24,3,3,1,0.061168578812836,0.124185876377855,2.26254189411799,1810051,"result/fits/scenario_09_n2000_J24_K3/replicate_051.rds"
9,52,2000,48,24,3,3,0.917975567190227,0.0567039980719064,0.108379148127244,2.26348072290421,1810052,"result/fits/scenario_09_n2000_J24_K3/replicate_052.rds"
9,53,2000,48,24,3,3,1,0.0506201095841508,0.195004452660665,2.25664423704147,1810053,"result/fits/scenario_09_n2000_J24_K3/replicate_053.rds"
9,54,2000,48,24,3,3,1,0.0520601915335266,0.172927262064056,2.24902040958405,1810054,"result/fits/scenario_09_n2000_J24_K3/replicate_054.rds"
9,55,2000,48,24,3,3,0.959577343654012,0.0524722376167666,0.112420645380428,2.26575001080831,1810055,"result/fits/scenario_09_n2000_J24_K3/replicate_055.rds"
9,56,2000,48,24,3,3,1,0.0513440638252869,0.164327241392859,2.26771353085836,1810056,"result/fits/scenario_09_n2000_J24_K3/replicate_056.rds"
9,57,2000,48,24,3,3,1,0.049605325368895,0.198976995639199,2.24688140153885,1810057,"result/fits/scenario_09_n2000_J24_K3/replicate_057.rds"
9,58,2000,48,24,3,3,0.994280150906657,0.0522021896926118,0.080591069561119,2.33498344818751,1810058,"result/fits/scenario_09_n2000_J24_K3/replicate_058.rds"
9,59,2000,48,24,3,3,1,0.047780105154485,0.207196173091254,2.33477661212285,1810059,"result/fits/scenario_09_n2000_J24_K3/replicate_059.rds"
9,60,2000,48,24,3,3,0.959577343654012,0.0571148587969417,0.15981272684959,2.33832921981812,1810060,"result/fits/scenario_09_n2000_J24_K3/replicate_060.rds"
9,61,2000,48,24,3,3,1,0.0530591829388376,0.218090995391779,2.32097166776657,1810061,"result/fits/scenario_09_n2000_J24_K3/replicate_061.rds"
9,62,2000,48,24,3,3,1,0.061840999965383,0.15838372328258,2.32393590609233,1810062,"result/fits/scenario_09_n2000_J24_K3/replicate_062.rds"
9,63,2000,48,24,3,3,1,0.0534351160154646,0.106476855008458,2.32886248429616,1810063,"result/fits/scenario_09_n2000_J24_K3/replicate_063.rds"
9,64,2000,48,24,3,3,1,0.0505913102815205,0.127411630413768,2.32651223738988,1810064,"result/fits/scenario_09_n2000_J24_K3/replicate_064.rds"
9,65,2000,48,24,3,3,1,0.0542772550782706,0.176594136081117,2.32854736646016,1810065,"result/fits/scenario_09_n2000_J24_K3/replicate_065.rds"
9,66,2000,48,24,3,3,1,0.054111257261608,0.0912259852270235,2.33217045863469,1810066,"result/fits/scenario_09_n2000_J24_K3/replicate_066.rds"
9,67,2000,48,24,3,3,0.959186205185461,0.0578516482310581,0.134308478981242,2.33375941117605,1810067,"result/fits/scenario_09_n2000_J24_K3/replicate_067.rds"
9,68,2000,48,24,3,3,0.959577343654012,0.0594958030209412,0.156624164285963,2.30089850028356,1810068,"result/fits/scenario_09_n2000_J24_K3/replicate_068.rds"
9,69,2000,48,24,3,3,1,0.0512333955448612,0.177842790393676,2.29198432763418,1810069,"result/fits/scenario_09_n2000_J24_K3/replicate_069.rds"
9,70,2000,48,24,3,3,0.959577343654012,0.0540002991079699,0.130002333146118,2.29516317049662,1810070,"result/fits/scenario_09_n2000_J24_K3/replicate_070.rds"
9,71,2000,48,24,3,3,1,0.0420415431701282,0.135785946006559,2.29221606254578,1810071,"result/fits/scenario_09_n2000_J24_K3/replicate_071.rds"
9,72,2000,48,24,3,3,1,0.0485269099368613,0.0888242136926548,2.30209853251775,1810072,"result/fits/scenario_09_n2000_J24_K3/replicate_072.rds"
9,73,2000,48,24,3,3,1,0.051338713057091,0.145109911550377,2.30732421477636,1810073,"result/fits/scenario_09_n2000_J24_K3/replicate_073.rds"
9,74,2000,48,24,3,3,1,0.0576099973259073,0.131706053596291,2.29495615561803,1810074,"result/fits/scenario_09_n2000_J24_K3/replicate_074.rds"
9,75,2000,48,24,3,3,1,0.0475395515457969,0.114046491261374,2.30241033236186,1810075,"result/fits/scenario_09_n2000_J24_K3/replicate_075.rds"
9,76,2000,48,24,3,3,1,0.047920098786481,0.110278390511453,2.30338240464528,1810076,"result/fits/scenario_09_n2000_J24_K3/replicate_076.rds"
9,77,2000,48,24,3,3,1,0.0554722475823585,0.123666792230504,2.29951771497726,1810077,"result/fits/scenario_09_n2000_J24_K3/replicate_077.rds"
9,78,2000,48,24,3,3,0.912541868254559,0.0533779162774388,0.109646953625066,2.28873176574707,1810078,"result/fits/scenario_09_n2000_J24_K3/replicate_078.rds"
9,79,2000,48,24,3,3,1,0.0459218805335249,0.121081434861211,2.27416580120722,1810079,"result/fits/scenario_09_n2000_J24_K3/replicate_079.rds"
9,80,2000,48,24,3,3,1,0.0506682272332832,0.133258893906678,2.29114877382914,1810080,"result/fits/scenario_09_n2000_J24_K3/replicate_080.rds"
9,81,2000,48,24,3,3,1,0.0586532046506754,0.173289820477672,2.2777667204539,1810081,"result/fits/scenario_09_n2000_J24_K3/replicate_081.rds"
9,82,2000,48,24,3,3,1,0.0475505208384413,0.120391312737842,2.28086065848668,1810082,"result/fits/scenario_09_n2000_J24_K3/replicate_082.rds"
9,83,2000,48,24,3,3,1,0.0553448401936407,0.144458855026516,2.28612966537476,1810083,"result/fits/scenario_09_n2000_J24_K3/replicate_083.rds"
9,84,2000,48,24,3,3,1,0.0501249677352836,0.178379406355377,2.27352882226308,1810084,"result/fits/scenario_09_n2000_J24_K3/replicate_084.rds"
9,85,2000,48,24,3,3,1,0.0511960229503028,0.15983618279753,2.27564358313878,1810085,"result/fits/scenario_09_n2000_J24_K3/replicate_085.rds"
9,86,2000,48,24,3,3,1,0.0463708345465025,0.142689720888558,2.27667894363403,1810086,"result/fits/scenario_09_n2000_J24_K3/replicate_086.rds"
9,87,2000,48,24,3,3,1,0.0506329245548434,0.12822043541608,2.27955978711446,1810087,"result/fits/scenario_09_n2000_J24_K3/replicate_087.rds"
9,88,2000,48,24,3,3,0.959577343654012,0.0567919843463834,0.101338493618988,2.27863111893336,1810088,"result/fits/scenario_09_n2000_J24_K3/replicate_088.rds"
9,89,2000,48,24,3,3,1,0.0547123450441534,0.131185503142337,2.27573812405268,1810089,"result/fits/scenario_09_n2000_J24_K3/replicate_089.rds"
9,90,2000,48,24,3,3,1,0.0517952932611163,0.175165700612121,2.28831533590953,1810090,"result/fits/scenario_09_n2000_J24_K3/replicate_090.rds"
9,91,2000,48,24,3,3,1,0.057953523332725,0.154085874834961,2.27600168387095,1810091,"result/fits/scenario_09_n2000_J24_K3/replicate_091.rds"
9,92,2000,48,24,3,3,0.994280150906657,0.0556050243623703,0.107576484340476,2.25956407388051,1810092,"result/fits/scenario_09_n2000_J24_K3/replicate_092.rds"
9,93,2000,48,24,3,3,1,0.0518560144632321,0.160930819278129,2.25641071399053,1810093,"result/fits/scenario_09_n2000_J24_K3/replicate_093.rds"
9,94,2000,48,24,3,3,1,0.0565434585337143,0.158114297825877,2.25572571754456,1810094,"result/fits/scenario_09_n2000_J24_K3/replicate_094.rds"
9,95,2000,48,24,3,3,1,0.0547420650465876,0.165163872102028,2.25280787150065,1810095,"result/fits/scenario_09_n2000_J24_K3/replicate_095.rds"
9,96,2000,48,24,3,3,0.917975567190227,0.0511266883772215,0.151864103888744,2.25722451607386,1810096,"result/fits/scenario_09_n2000_J24_K3/replicate_096.rds"
9,97,2000,48,24,3,3,1,0.0534075770027184,0.152987732223126,2.25565976301829,1810097,"result/fits/scenario_09_n2000_J24_K3/replicate_097.rds"
9,98,2000,48,24,3,3,0.959577343654012,0.059289776600245,0.117519382362373,2.25464856227239,1810098,"result/fits/scenario_09_n2000_J24_K3/replicate_098.rds"
9,99,2000,48,24,3,3,1,0.05327389390283,0.160055789048634,2.25310558478038,1810099,"result/fits/scenario_09_n2000_J24_K3/replicate_099.rds"
9,100,2000,48,24,3,3,0.959577343654012,0.0524490484723138,0.0824366396108385,2.2563822388649,1810100,"result/fits/scenario_09_n2000_J24_K3/replicate_100.rds"
10,1,500,72,36,3,3,0.891505174689171,0.0997424858575621,0.207072366431674,0.840008882681529,1910001,"result/fits/scenario_10_n500_J36_K3/replicate_001.rds"
10,2,500,72,36,3,3,0.914897260273973,0.100786835591119,0.18807318813625,0.823367416858673,1910002,"result/fits/scenario_10_n500_J36_K3/replicate_002.rds"
10,3,500,72,36,3,3,0.920077773229636,0.0846091591522193,0.254974899758008,0.883205393950144,1910003,"result/fits/scenario_10_n500_J36_K3/replicate_003.rds"
10,4,500,72,36,3,3,0.929486301369863,0.0885820791083302,0.17964576898745,0.882555003960927,1910004,"result/fits/scenario_10_n500_J36_K3/replicate_004.rds"
10,5,500,72,36,3,3,0.81742285472735,0.100233034401255,0.251470972139128,0.884241322676341,1910005,"result/fits/scenario_10_n500_J36_K3/replicate_005.rds"
10,6,500,72,36,3,3,0.890145784623848,0.100198929847181,0.195006011835672,0.839217551549276,1910006,"result/fits/scenario_10_n500_J36_K3/replicate_006.rds"
10,7,500,72,36,3,3,0.949737055016181,0.0878928074218775,0.251703470161348,0.810464060306549,1910007,"result/fits/scenario_10_n500_J36_K3/replicate_007.rds"
10,8,500,72,36,3,3,0.81742285472735,0.0907063388216336,0.231808267425107,0.853468489646912,1910008,"result/fits/scenario_10_n500_J36_K3/replicate_008.rds"
10,9,500,72,36,3,3,0.837910757523348,0.0901002042276276,0.230260103724382,0.852119755744934,1910009,"result/fits/scenario_10_n500_J36_K3/replicate_009.rds"
10,10,500,72,36,3,3,0.860794062040473,0.0872711842367174,0.208601877040138,0.854494118690491,1910010,"result/fits/scenario_10_n500_J36_K3/replicate_010.rds"
10,11,500,72,36,3,3,0.96900604432505,0.0887126432337625,0.318637952546035,0.867554700374603,1910011,"result/fits/scenario_10_n500_J36_K3/replicate_011.rds"
10,12,500,72,36,3,3,0.912639278146148,0.0978794844811972,0.213852449928488,0.85141753355662,1910012,"result/fits/scenario_10_n500_J36_K3/replicate_012.rds"
10,13,500,72,36,3,3,0.956833074376816,0.0866726679180919,0.290878008192948,0.809268724918365,1910013,"result/fits/scenario_10_n500_J36_K3/replicate_013.rds"
10,14,500,72,36,3,3,0.872803693240543,0.0975025611017832,0.238994700110552,0.844115388393402,1910014,"result/fits/scenario_10_n500_J36_K3/replicate_014.rds"
10,15,500,72,36,3,3,0.741190765492102,0.0886419814687826,0.218418439335742,0.844322776794434,1910015,"result/fits/scenario_10_n500_J36_K3/replicate_015.rds"
10,16,500,72,36,3,3,0.892800768650058,0.0814113889105092,0.310300664434491,0.850460382302602,1910016,"result/fits/scenario_10_n500_J36_K3/replicate_016.rds"
10,17,500,72,36,3,3,0.96900604432505,0.0837705261605663,0.22424670430636,0.847895749409993,1910017,"result/fits/scenario_10_n500_J36_K3/replicate_017.rds"
10,18,500,72,36,3,3,0.9171642303205,0.0900127420160694,0.260161398221754,0.861993594964345,1910018,"result/fits/scenario_10_n500_J36_K3/replicate_018.rds"
10,19,500,72,36,3,3,0.845879140116238,0.0994023494586792,0.222236476846811,0.841064095497131,1910019,"result/fits/scenario_10_n500_J36_K3/replicate_019.rds"
10,20,500,72,36,3,3,0.86738152888274,0.0882374876292272,0.250900404504947,0.848686722914378,1910020,"result/fits/scenario_10_n500_J36_K3/replicate_020.rds"
10,21,500,72,36,3,3,0.973876103826599,0.0924702259960221,0.397718520742876,0.844618658224742,1910021,"result/fits/scenario_10_n500_J36_K3/replicate_021.rds"
10,22,500,72,36,3,3,0.875,0.09333843024136,0.231876320904693,0.861940364042918,1910022,"result/fits/scenario_10_n500_J36_K3/replicate_022.rds"
10,23,500,72,36,3,3,0.94724042423833,0.0844358439885174,0.23452765850101,0.861935059229533,1910023,"result/fits/scenario_10_n500_J36_K3/replicate_023.rds"
10,24,500,72,36,3,3,0.890145784623848,0.0908178607582782,0.180084559392013,0.861622599760691,1910024,"result/fits/scenario_10_n500_J36_K3/replicate_024.rds"
10,25,500,72,36,3,3,0.869575765978095,0.103809958373643,0.158983591492138,0.839535144964854,1910025,"result/fits/scenario_10_n500_J36_K3/replicate_025.rds"
10,26,500,72,36,3,3,0.995277685400732,0.0920100373928963,0.249605007368541,0.841367832819621,1910026,"result/fits/scenario_10_n500_J36_K3/replicate_026.rds"
10,27,500,72,36,3,3,0.917818478926942,0.0908840689368903,0.20047956165729,0.843660660584768,1910027,"result/fits/scenario_10_n500_J36_K3/replicate_027.rds"
10,28,500,72,36,3,3,0.973876103826599,0.0911415460222659,0.186298258459807,0.838982955614726,1910028,"result/fits/scenario_10_n500_J36_K3/replicate_028.rds"
10,29,500,72,36,3,3,0.897673460984147,0.102006567198493,0.207674594264991,0.838391995429993,1910029,"result/fits/scenario_10_n500_J36_K3/replicate_029.rds"
10,30,500,72,36,3,3,0.94724042423833,0.09836051090086,0.191872682456784,0.842773127555847,1910030,"result/fits/scenario_10_n500_J36_K3/replicate_030.rds"
10,31,500,72,36,3,3,0.894184112019964,0.0859042517542784,0.264861287444531,0.83834418853124,1910031,"result/fits/scenario_10_n500_J36_K3/replicate_031.rds"
10,32,500,72,36,3,3,0.897673460984147,0.0914925911197356,0.237768491908469,0.850906320412954,1910032,"result/fits/scenario_10_n500_J36_K3/replicate_032.rds"
10,33,500,72,36,3,3,0.920077773229636,0.0890674396324377,0.211819341735672,0.855078446865082,1910033,"result/fits/scenario_10_n500_J36_K3/replicate_033.rds"
10,34,500,72,36,3,3,0.887028709789,0.0986191063983431,0.233496434802295,0.848559852441152,1910034,"result/fits/scenario_10_n500_J36_K3/replicate_034.rds"
10,35,500,72,36,3,3,0.952223941861248,0.0884363144089472,0.293738025964212,0.849719552199046,1910035,"result/fits/scenario_10_n500_J36_K3/replicate_035.rds"
10,36,500,72,36,3,3,0.973876103826599,0.0830154177173782,0.156203471632385,0.846202174822489,1910036,"result/fits/scenario_10_n500_J36_K3/replicate_036.rds"
10,37,500,72,36,3,3,0.922652686048887,0.0957681329802953,0.225397238638417,0.847335724035899,1910037,"result/fits/scenario_10_n500_J36_K3/replicate_037.rds"
10,38,500,72,36,3,3,0.892800768650058,0.085123163729038,0.191672928360786,0.845602838198344,1910038,"result/fits/scenario_10_n500_J36_K3/replicate_038.rds"
10,39,500,72,36,3,3,0.973876103826599,0.0940563138384908,0.329254267505545,0.845717207590739,1910039,"result/fits/scenario_10_n500_J36_K3/replicate_039.rds"
10,40,500,72,36,3,3,0.871778842814475,0.104792140237223,0.188961700825487,0.847596526145935,1910040,"result/fits/scenario_10_n500_J36_K3/replicate_040.rds"
10,41,500,72,36,3,3,0.973876103826599,0.0918283947272177,0.287545266681021,0.844188729921977,1910041,"result/fits/scenario_10_n500_J36_K3/replicate_041.rds"
10,42,500,72,36,3,3,0.917818478926942,0.0983786513609499,0.230815014569564,0.836399674415588,1910042,"result/fits/scenario_10_n500_J36_K3/replicate_042.rds"
10,43,500,72,36,3,3,0.9394528585073,0.0941798405608095,0.114329979355233,0.839430312315623,1910043,"result/fits/scenario_10_n500_J36_K3/replicate_043.rds"
10,44,500,72,36,3,3,0.920077773229636,0.084199537722092,0.25011279916855,0.834365395704905,1910044,"result/fits/scenario_10_n500_J36_K3/replicate_044.rds"
10,45,500,72,36,3,3,0.94724042423833,0.0934438432267613,0.214825432487497,0.852801740169525,1910045,"result/fits/scenario_10_n500_J36_K3/replicate_045.rds"
10,46,500,72,36,3,3,0.834458518930958,0.0978021733337091,0.242012889508503,0.851107712586721,1910046,"result/fits/scenario_10_n500_J36_K3/replicate_046.rds"
10,47,500,72,36,3,3,0.973876103826599,0.0896262381951022,0.215871924976346,0.852535736560821,1910047,"result/fits/scenario_10_n500_J36_K3/replicate_047.rds"
10,48,500,72,36,3,3,0.835935858833415,0.0992445271132036,0.152941609750638,0.855988502502441,1910048,"result/fits/scenario_10_n500_J36_K3/replicate_048.rds"
10,49,500,72,36,3,3,0.925217450394129,0.0936937282694665,0.274530223284949,0.854782780011495,1910049,"result/fits/scenario_10_n500_J36_K3/replicate_049.rds"
10,50,500,72,36,3,3,0.96409789644013,0.0874063972014045,0.161569816100584,0.850918598969777,1910050,"result/fits/scenario_10_n500_J36_K3/replicate_050.rds"
10,51,500,72,36,3,3,0.990518795486413,0.0819575356208242,0.264788113468302,0.850191628932953,1910051,"result/fits/scenario_10_n500_J36_K3/replicate_051.rds"
10,52,500,72,36,3,3,0.973876103826599,0.0914409911321386,0.167302920388976,0.851652562618256,1910052,"result/fits/scenario_10_n500_J36_K3/replicate_052.rds"
10,53,500,72,36,3,3,0.912639278146148,0.0933158518759603,0.271314140425234,0.85297269821167,1910053,"result/fits/scenario_10_n500_J36_K3/replicate_053.rds"
10,54,500,72,36,3,3,0.94724042423833,0.0894852612619117,0.178050407704543,0.849099715550741,1910054,"result/fits/scenario_10_n500_J36_K3/replicate_054.rds"
10,55,500,72,36,3,3,0.871260199456029,0.0886159062716708,0.222399144239011,0.855002081394196,1910055,"result/fits/scenario_10_n500_J36_K3/replicate_055.rds"
10,56,500,72,36,3,3,0.949737055016181,0.0933500989336266,0.166617460374269,0.854530763626099,1910056,"result/fits/scenario_10_n500_J36_K3/replicate_056.rds"
10,57,500,72,36,3,3,0.973876103826599,0.0826413897035198,0.196400698678171,0.893073185284932,1910057,"result/fits/scenario_10_n500_J36_K3/replicate_057.rds"
10,58,500,72,36,3,3,0.94724042423833,0.0916660927664706,0.211831045325795,0.869178056716919,1910058,"result/fits/scenario_10_n500_J36_K3/replicate_058.rds"
10,59,500,72,36,3,3,0.920077773229636,0.0828048514897278,0.193343856693149,0.866276013851166,1910059,"result/fits/scenario_10_n500_J36_K3/replicate_059.rds"
10,60,500,72,36,3,3,0.866308668665876,0.082704543087845,0.16753123086845,0.908379224936167,1910060,"result/fits/scenario_10_n500_J36_K3/replicate_060.rds"
10,61,500,72,36,3,3,0.920077773229636,0.0876986703187747,0.218770279655906,0.86761759519577,1910061,"result/fits/scenario_10_n500_J36_K3/replicate_061.rds"
10,62,500,72,36,3,3,0.920077773229636,0.0900502435722631,0.205634319184004,0.865852344036102,1910062,"result/fits/scenario_10_n500_J36_K3/replicate_062.rds"
10,63,500,72,36,3,3,0.94724042423833,0.0931866855942864,0.271060096490197,0.88075602054596,1910063,"result/fits/scenario_10_n500_J36_K3/replicate_063.rds"
10,64,500,72,36,3,3,0.94724042423833,0.0953279424901617,0.227599748541878,0.868463822205861,1910064,"result/fits/scenario_10_n500_J36_K3/replicate_064.rds"
10,65,500,72,36,3,3,0.890145784623848,0.0910455979203279,0.324838244932623,0.862192642688751,1910065,"result/fits/scenario_10_n500_J36_K3/replicate_065.rds"
10,66,500,72,36,3,3,0.892372355818921,0.0873932044651443,0.22416182056355,0.862318444252014,1910066,"result/fits/scenario_10_n500_J36_K3/replicate_066.rds"
10,67,500,72,36,3,3,0.94724042423833,0.0881033326876332,0.296617716984207,0.863365972042084,1910067,"result/fits/scenario_10_n500_J36_K3/replicate_067.rds"
10,68,500,72,36,3,3,0.94724042423833,0.0912166750976403,0.201385081000625,0.870191470781962,1910068,"result/fits/scenario_10_n500_J36_K3/replicate_068.rds"
10,69,500,72,36,3,3,0.884803921568627,0.0943223721271848,0.212265887921898,0.872826222578684,1910069,"result/fits/scenario_10_n500_J36_K3/replicate_069.rds"
10,70,500,72,36,3,3,0.922652686048887,0.0872500159486405,0.264701697983091,0.867660319805145,1910070,"result/fits/scenario_10_n500_J36_K3/replicate_070.rds"
10,71,500,72,36,3,3,0.7986815056355,0.096470502753454,0.268219575083829,0.872815612951914,1910071,"result/fits/scenario_10_n500_J36_K3/replicate_071.rds"
10,72,500,72,36,3,3,0.949737055016181,0.0955705448725863,0.228100928817703,0.873294524351756,1910072,"result/fits/scenario_10_n500_J36_K3/replicate_072.rds"
10,73,500,72,36,3,3,0.870616146334754,0.0980568723092003,0.209575684522554,0.878391087055206,1910073,"result/fits/scenario_10_n500_J36_K3/replicate_073.rds"
10,74,500,72,36,3,3,0.973876103826599,0.0870409074149565,0.196797303320827,0.873896590868632,1910074,"result/fits/scenario_10_n500_J36_K3/replicate_074.rds"
10,75,500,72,36,3,3,0.88926244281159,0.093281179683041,0.198265232863643,0.875918292999268,1910075,"result/fits/scenario_10_n500_J36_K3/replicate_075.rds"
10,76,500,72,36,3,3,0.96900604432505,0.0944097565002846,0.181103984206691,0.875826414426168,1910076,"result/fits/scenario_10_n500_J36_K3/replicate_076.rds"
10,77,500,72,36,3,3,0.96900604432505,0.095057583607703,0.231522700349506,0.891030482451121,1910077,"result/fits/scenario_10_n500_J36_K3/replicate_077.rds"
10,78,500,72,36,3,3,0.973876103826599,0.0861876726924268,0.269896440329522,0.876784710089366,1910078,"result/fits/scenario_10_n500_J36_K3/replicate_078.rds"
10,79,500,72,36,3,3,0.94724042423833,0.088522487118034,0.233523289708425,0.860965748627981,1910079,"result/fits/scenario_10_n500_J36_K3/replicate_079.rds"
10,80,500,72,36,3,3,0.94724042423833,0.0906036499189406,0.175298741368179,0.864058836301168,1910080,"result/fits/scenario_10_n500_J36_K3/replicate_080.rds"
10,81,500,72,36,3,3,0.94724042423833,0.0867632297296031,0.165132170968461,0.867423109213511,1910081,"result/fits/scenario_10_n500_J36_K3/replicate_081.rds"
10,82,500,72,36,3,3,0.922346025018798,0.0954512229518627,0.285682869234193,0.871365551153819,1910082,"result/fits/scenario_10_n500_J36_K3/replicate_082.rds"
10,83,500,72,36,3,3,0.856405607085571,0.0897331284513585,0.20891351980235,0.861846081415812,1910083,"result/fits/scenario_10_n500_J36_K3/replicate_083.rds"
10,84,500,72,36,3,3,0.973876103826599,0.0832501730773288,0.243290227391252,0.869801314671834,1910084,"result/fits/scenario_10_n500_J36_K3/replicate_084.rds"
10,85,500,72,36,3,3,0.94724042423833,0.0903753930935219,0.153311241719848,0.861243895689646,1910085,"result/fits/scenario_10_n500_J36_K3/replicate_085.rds"
10,86,500,72,36,3,3,0.949737055016181,0.0983498355541647,0.196400083815763,0.838835640748342,1910086,"result/fits/scenario_10_n500_J36_K3/replicate_086.rds"
10,87,500,72,36,3,3,0.911941018397299,0.103742627257298,0.204543382350074,0.84280770222346,1910087,"result/fits/scenario_10_n500_J36_K3/replicate_087.rds"
10,88,500,72,36,3,3,0.872293324109305,0.092027184413952,0.282232580907757,0.841520853837331,1910088,"result/fits/scenario_10_n500_J36_K3/replicate_088.rds"
10,89,500,72,36,3,3,0.912291537986411,0.0925300375366757,0.237960551712374,0.839432883262634,1910089,"result/fits/scenario_10_n500_J36_K3/replicate_089.rds"
10,90,500,72,36,3,3,0.897673460984147,0.0956915591406784,0.201076608584116,0.848325804869334,1910090,"result/fits/scenario_10_n500_J36_K3/replicate_090.rds"
10,91,500,72,36,3,3,0.920077773229636,0.09732656688573,0.207692463711359,0.850129171212514,1910091,"result/fits/scenario_10_n500_J36_K3/replicate_091.rds"
10,92,500,72,36,3,3,0.942217700915565,0.0923670438164949,0.114186114603116,0.867066506544749,1910092,"result/fits/scenario_10_n500_J36_K3/replicate_092.rds"
10,93,500,72,36,3,3,0.94724042423833,0.0904038322460095,0.189657510291169,0.858536938826243,1910093,"result/fits/scenario_10_n500_J36_K3/replicate_093.rds"
10,94,500,72,36,3,3,0.925217450394129,0.0913699355317252,0.204780360566866,0.865391433238983,1910094,"result/fits/scenario_10_n500_J36_K3/replicate_094.rds"
10,95,500,72,36,3,3,0.883873886414254,0.101535128872611,0.271634802431678,0.865653419494629,1910095,"result/fits/scenario_10_n500_J36_K3/replicate_095.rds"
10,96,500,72,36,3,3,0.973876103826599,0.0940930831412603,0.225825655063173,0.869270575046539,1910096,"result/fits/scenario_10_n500_J36_K3/replicate_096.rds"
10,97,500,72,36,3,3,0.94724042423833,0.0833071240769529,0.174533643076709,0.842102420330048,1910097,"result/fits/scenario_10_n500_J36_K3/replicate_097.rds"
10,98,500,72,36,3,3,0.973876103826599,0.0902728857377127,0.248398319904605,0.840122640132904,1910098,"result/fits/scenario_10_n500_J36_K3/replicate_098.rds"
10,99,500,72,36,3,3,0.914557832485215,0.0994129884648455,0.289947567385252,0.836617207527161,1910099,"result/fits/scenario_10_n500_J36_K3/replicate_099.rds"
10,100,500,72,36,3,3,0.995277685400732,0.0853126637980604,0.224459539566252,0.83962695201238,1910100,"result/fits/scenario_10_n500_J36_K3/replicate_100.rds"
11,1,1000,72,36,3,3,0.973876103826599,0.0580463709844163,0.134589110713632,1.62032407124837,2010001,"result/fits/scenario_11_n1000_J36_K3/replicate_001.rds"
11,2,1000,72,36,3,3,0.973876103826599,0.060699310355908,0.209213973759105,1.61584879159927,2010002,"result/fits/scenario_11_n1000_J36_K3/replicate_002.rds"
11,3,1000,72,36,3,3,1,0.0691656615093364,0.1296115951665,1.66266624530156,2010003,"result/fits/scenario_11_n1000_J36_K3/replicate_003.rds"
11,4,1000,72,36,3,3,0.973876103826599,0.0682963069233498,0.123146523165469,1.67213766177495,2010004,"result/fits/scenario_11_n1000_J36_K3/replicate_004.rds"
11,5,1000,72,36,3,3,0.94724042423833,0.0650823840423896,0.155473291090399,1.65892862478892,2010005,"result/fits/scenario_11_n1000_J36_K3/replicate_005.rds"
11,6,1000,72,36,3,3,0.94724042423833,0.0791503779527428,0.129735915178933,1.66043220758438,2010006,"result/fits/scenario_11_n1000_J36_K3/replicate_006.rds"
11,7,1000,72,36,3,3,0.94724042423833,0.0659916006612379,0.118940406882648,1.66855217218399,2010007,"result/fits/scenario_11_n1000_J36_K3/replicate_007.rds"
11,8,1000,72,36,3,3,0.973876103826599,0.0657031737336008,0.207593098486165,1.66544335285823,2010008,"result/fits/scenario_11_n1000_J36_K3/replicate_008.rds"
11,9,1000,72,36,3,3,1,0.0632447742536921,0.182458123257952,1.66364315748215,2010009,"result/fits/scenario_11_n1000_J36_K3/replicate_009.rds"
11,10,1000,72,36,3,3,0.96900604432505,0.0638656309707006,0.175239321354291,1.61124228636424,2010010,"result/fits/scenario_11_n1000_J36_K3/replicate_010.rds"
11,11,1000,72,36,3,3,0.995277685400732,0.0627249896808897,0.161526605083435,1.67221614519755,2010011,"result/fits/scenario_11_n1000_J36_K3/replicate_011.rds"
11,12,1000,72,36,3,3,0.944733992148369,0.0680715950442217,0.188120916496263,1.67653942108154,2010012,"result/fits/scenario_11_n1000_J36_K3/replicate_012.rds"
11,13,1000,72,36,3,3,1,0.0692191718326911,0.155707905429167,1.68291313648224,2010013,"result/fits/scenario_11_n1000_J36_K3/replicate_013.rds"
11,14,1000,72,36,3,3,1,0.0684126407948339,0.22652632581711,1.62682212988536,2010014,"result/fits/scenario_11_n1000_J36_K3/replicate_014.rds"
11,15,1000,72,36,3,3,1,0.0744390645504876,0.132703565646872,1.6269372344017,2010015,"result/fits/scenario_11_n1000_J36_K3/replicate_015.rds"
11,16,1000,72,36,3,3,0.995277685400732,0.0633351609717848,0.154407035359768,1.62441474596659,2010016,"result/fits/scenario_11_n1000_J36_K3/replicate_016.rds"
11,17,1000,72,36,3,3,0.995277685400732,0.0750941719676865,0.134749451998551,1.62954796155294,2010017,"result/fits/scenario_11_n1000_J36_K3/replicate_017.rds"
11,18,1000,72,36,3,3,0.944516172873063,0.0668885728236507,0.177196442141068,1.63736999034882,2010018,"result/fits/scenario_11_n1000_J36_K3/replicate_018.rds"
11,19,1000,72,36,3,3,1,0.0597807693678805,0.157230803082336,1.6477889418602,2010019,"result/fits/scenario_11_n1000_J36_K3/replicate_019.rds"
11,20,1000,72,36,3,3,1,0.064872101050323,0.126839154609464,1.64328434467316,2010020,"result/fits/scenario_11_n1000_J36_K3/replicate_020.rds"
11,21,1000,72,36,3,3,0.973876103826599,0.070534234858392,0.184935166387106,1.66426718235016,2010021,"result/fits/scenario_11_n1000_J36_K3/replicate_021.rds"
11,22,1000,72,36,3,3,0.973876103826599,0.0631465850890357,0.18540117235887,1.64166060686111,2010022,"result/fits/scenario_11_n1000_J36_K3/replicate_022.rds"
11,23,1000,72,36,3,3,1,0.0647619455695403,0.193147592989532,1.64430943330129,2010023,"result/fits/scenario_11_n1000_J36_K3/replicate_023.rds"
11,24,1000,72,36,3,3,1,0.0630863764013573,0.122486458255793,1.65151115655899,2010024,"result/fits/scenario_11_n1000_J36_K3/replicate_024.rds"
11,25,1000,72,36,3,3,1,0.0701541133232758,0.178676797449245,1.64601773818334,2010025,"result/fits/scenario_11_n1000_J36_K3/replicate_025.rds"
11,26,1000,72,36,3,3,0.973876103826599,0.0713454923410829,0.0816286599792871,1.64706742763519,2010026,"result/fits/scenario_11_n1000_J36_K3/replicate_026.rds"
11,27,1000,72,36,3,3,0.96900604432505,0.065706972140976,0.15458541750081,1.64307211637497,2010027,"result/fits/scenario_11_n1000_J36_K3/replicate_027.rds"
11,28,1000,72,36,3,3,0.995277685400732,0.0652701361175879,0.145083248047217,1.65323688189189,2010028,"result/fits/scenario_11_n1000_J36_K3/replicate_028.rds"
11,29,1000,72,36,3,3,0.917818478926942,0.0661985369865164,0.171584771792015,1.64591576655706,2010029,"result/fits/scenario_11_n1000_J36_K3/replicate_029.rds"
11,30,1000,72,36,3,3,0.973876103826599,0.0644163375633579,0.232194363669092,1.66773666938146,2010030,"result/fits/scenario_11_n1000_J36_K3/replicate_030.rds"
11,31,1000,72,36,3,3,0.995277685400732,0.0623876053033421,0.19271312293804,1.66045027971268,2010031,"result/fits/scenario_11_n1000_J36_K3/replicate_031.rds"
11,32,1000,72,36,3,3,1,0.0623574341786067,0.167621423899741,1.73470736344655,2010032,"result/fits/scenario_11_n1000_J36_K3/replicate_032.rds"
11,33,1000,72,36,3,3,1,0.0686231648926188,0.134925237544517,1.63554427226384,2010033,"result/fits/scenario_11_n1000_J36_K3/replicate_033.rds"
11,34,1000,72,36,3,3,1,0.0651693252049579,0.156171590364449,1.66543923616409,2010034,"result/fits/scenario_11_n1000_J36_K3/replicate_034.rds"
11,35,1000,72,36,3,3,0.971334365116749,0.0661411882317822,0.133378506085117,1.67347530523936,2010035,"result/fits/scenario_11_n1000_J36_K3/replicate_035.rds"
11,36,1000,72,36,3,3,1,0.0567069390788047,0.198055396359917,1.5837574283282,2010036,"result/fits/scenario_11_n1000_J36_K3/replicate_036.rds"
11,37,1000,72,36,3,3,0.973876103826599,0.0659703046288648,0.110679957683332,1.61136422157288,2010037,"result/fits/scenario_11_n1000_J36_K3/replicate_037.rds"
11,38,1000,72,36,3,3,0.973876103826599,0.0693223872105399,0.215010181594322,1.61190532048543,2010038,"result/fits/scenario_11_n1000_J36_K3/replicate_038.rds"
11,39,1000,72,36,3,3,0.892372355818921,0.0711140066172073,0.168752863438645,1.61380610863368,2010039,"result/fits/scenario_11_n1000_J36_K3/replicate_039.rds"
11,40,1000,72,36,3,3,1,0.0630642610523958,0.124749399247913,1.61603650252024,2010040,"result/fits/scenario_11_n1000_J36_K3/replicate_040.rds"
11,41,1000,72,36,3,3,1,0.0610745328386521,0.151388668265481,1.62550687789917,2010041,"result/fits/scenario_11_n1000_J36_K3/replicate_041.rds"
11,42,1000,72,36,3,3,1,0.058987807617701,0.143698304441245,1.6286532441775,2010042,"result/fits/scenario_11_n1000_J36_K3/replicate_042.rds"
11,43,1000,72,36,3,3,0.94724042423833,0.0744481612168982,0.135982616534137,1.62788727283478,2010043,"result/fits/scenario_11_n1000_J36_K3/replicate_043.rds"
11,44,1000,72,36,3,3,0.897673460984147,0.0691842599211976,0.127629390305214,1.62677394151688,2010044,"result/fits/scenario_11_n1000_J36_K3/replicate_044.rds"
11,45,1000,72,36,3,3,0.96900604432505,0.0623951331631873,0.205863370792516,1.6243089278539,2010045,"result/fits/scenario_11_n1000_J36_K3/replicate_045.rds"
11,46,1000,72,36,3,3,0.973876103826599,0.0638530450915347,0.195919375652978,1.62704927126567,2010046,"result/fits/scenario_11_n1000_J36_K3/replicate_046.rds"
11,47,1000,72,36,3,3,0.94724042423833,0.0639281994027454,0.238225107748428,1.68550631205241,2010047,"result/fits/scenario_11_n1000_J36_K3/replicate_047.rds"
11,48,1000,72,36,3,3,0.973876103826599,0.0644271119933779,0.151064416578394,1.66424527963003,2010048,"result/fits/scenario_11_n1000_J36_K3/replicate_048.rds"
11,49,1000,72,36,3,3,0.973876103826599,0.060415317823097,0.169126445000409,1.73614129622777,2010049,"result/fits/scenario_11_n1000_J36_K3/replicate_049.rds"
11,50,1000,72,36,3,3,0.973876103826599,0.0731026873181419,0.0975244390822147,1.77973338365555,2010050,"result/fits/scenario_11_n1000_J36_K3/replicate_050.rds"
11,51,1000,72,36,3,3,0.995277685400732,0.0632708636826842,0.174153737635692,1.62066403230031,2010051,"result/fits/scenario_11_n1000_J36_K3/replicate_051.rds"
11,52,1000,72,36,3,3,0.925217450394129,0.0636119525664533,0.129074946183346,1.66943844556808,2010052,"result/fits/scenario_11_n1000_J36_K3/replicate_052.rds"
11,53,1000,72,36,3,3,1,0.0644814666034433,0.0917196189040169,1.78237890402476,2010053,"result/fits/scenario_11_n1000_J36_K3/replicate_053.rds"
11,54,1000,72,36,3,3,1,0.060460794092861,0.17165756505024,1.61520413557688,2010054,"result/fits/scenario_11_n1000_J36_K3/replicate_054.rds"
11,55,1000,72,36,3,3,1,0.0650915617881994,0.179805818719269,1.64709520339966,2010055,"result/fits/scenario_11_n1000_J36_K3/replicate_055.rds"
11,56,1000,72,36,3,3,1,0.0618185330756129,0.153761454760404,1.64984088738759,2010056,"result/fits/scenario_11_n1000_J36_K3/replicate_056.rds"
11,57,1000,72,36,3,3,0.952223941861248,0.0664093113034187,0.140368977121327,1.64725487232208,2010057,"result/fits/scenario_11_n1000_J36_K3/replicate_057.rds"
11,58,1000,72,36,3,3,0.973876103826599,0.0651888606802423,0.170548580679695,1.64644937912623,2010058,"result/fits/scenario_11_n1000_J36_K3/replicate_058.rds"
11,59,1000,72,36,3,3,1,0.0721215869439792,0.142718479207437,1.64742198785146,2010059,"result/fits/scenario_11_n1000_J36_K3/replicate_059.rds"
11,60,1000,72,36,3,3,0.920077773229636,0.0661405806181264,0.251918196714598,1.64784605105718,2010060,"result/fits/scenario_11_n1000_J36_K3/replicate_060.rds"
11,61,1000,72,36,3,3,1,0.060656686712206,0.138354463016364,1.62061678965886,2010061,"result/fits/scenario_11_n1000_J36_K3/replicate_061.rds"
11,62,1000,72,36,3,3,0.925217450394129,0.0676339490705293,0.20917491029693,1.62096366882324,2010062,"result/fits/scenario_11_n1000_J36_K3/replicate_062.rds"
11,63,1000,72,36,3,3,0.973876103826599,0.0605826996402321,0.103438645008617,1.6244189341863,2010063,"result/fits/scenario_11_n1000_J36_K3/replicate_063.rds"
11,64,1000,72,36,3,3,1,0.0643446626599682,0.170815360726588,1.62747567892075,2010064,"result/fits/scenario_11_n1000_J36_K3/replicate_064.rds"
11,65,1000,72,36,3,3,0.939928252335183,0.0712302604794353,0.229094029654467,1.61287046670914,2010065,"result/fits/scenario_11_n1000_J36_K3/replicate_065.rds"
11,66,1000,72,36,3,3,0.914897260273973,0.0655605460470769,0.162951377350199,1.62052798668543,2010066,"result/fits/scenario_11_n1000_J36_K3/replicate_066.rds"
11,67,1000,72,36,3,3,1,0.0668711534072973,0.162268574828641,1.61348456541697,2010067,"result/fits/scenario_11_n1000_J36_K3/replicate_067.rds"
11,68,1000,72,36,3,3,0.973876103826599,0.0641995191700232,0.192524067606187,1.62167156934738,2010068,"result/fits/scenario_11_n1000_J36_K3/replicate_068.rds"
11,69,1000,72,36,3,3,0.920077773229636,0.0668106698341329,0.164882743671909,1.64384213685989,2010069,"result/fits/scenario_11_n1000_J36_K3/replicate_069.rds"
11,70,1000,72,36,3,3,0.988171398107424,0.0722014775429596,0.088141389690586,1.64849855899811,2010070,"result/fits/scenario_11_n1000_J36_K3/replicate_070.rds"
11,71,1000,72,36,3,3,0.995277685400732,0.0681146621086083,0.132905137960903,1.6435964067777,2010071,"result/fits/scenario_11_n1000_J36_K3/replicate_071.rds"
11,72,1000,72,36,3,3,0.973876103826599,0.0657609223567622,0.173356369097672,1.64171423912048,2010072,"result/fits/scenario_11_n1000_J36_K3/replicate_072.rds"
11,73,1000,72,36,3,3,0.917818478926942,0.0598943119910517,0.172570429531119,1.64120074907939,2010073,"result/fits/scenario_11_n1000_J36_K3/replicate_073.rds"
11,74,1000,72,36,3,3,0.835935858833415,0.0621623243914872,0.191905158595285,1.64531979163488,2010074,"result/fits/scenario_11_n1000_J36_K3/replicate_074.rds"
11,75,1000,72,36,3,3,1,0.0610074737857683,0.201497049183612,1.63598157167435,2010075,"result/fits/scenario_11_n1000_J36_K3/replicate_075.rds"
11,76,1000,72,36,3,3,0.973876103826599,0.0683744439117579,0.194804274320523,1.63637973070145,2010076,"result/fits/scenario_11_n1000_J36_K3/replicate_076.rds"
11,77,1000,72,36,3,3,1,0.0658986860287022,0.0889243092482452,1.6587754368782,2010077,"result/fits/scenario_11_n1000_J36_K3/replicate_077.rds"
11,78,1000,72,36,3,3,0.94724042423833,0.0658347587892321,0.196594906881187,1.64400975306829,2010078,"result/fits/scenario_11_n1000_J36_K3/replicate_078.rds"
11,79,1000,72,36,3,3,0.922346025018798,0.0670867306029946,0.195356645949759,1.64954350789388,2010079,"result/fits/scenario_11_n1000_J36_K3/replicate_079.rds"
11,80,1000,72,36,3,3,0.995277685400732,0.070993897574245,0.169667639001993,1.80866851409276,2010080,"result/fits/scenario_11_n1000_J36_K3/replicate_080.rds"
11,81,1000,72,36,3,3,0.995277685400732,0.0621337594459212,0.0859359357759615,1.79839396476746,2010081,"result/fits/scenario_11_n1000_J36_K3/replicate_081.rds"
11,82,1000,72,36,3,3,0.973876103826599,0.0663410671783733,0.0826363243432901,1.66999473969142,2010082,"result/fits/scenario_11_n1000_J36_K3/replicate_082.rds"
11,83,1000,72,36,3,3,0.94724042423833,0.0647781231038236,0.138208027825987,1.67258529663086,2010083,"result/fits/scenario_11_n1000_J36_K3/replicate_083.rds"
11,84,1000,72,36,3,3,0.973876103826599,0.0621441151553438,0.170367596276566,1.6672456463178,2010084,"result/fits/scenario_11_n1000_J36_K3/replicate_084.rds"
11,85,1000,72,36,3,3,0.973876103826599,0.0705490465937035,0.183970262537792,1.66792643467585,2010085,"result/fits/scenario_11_n1000_J36_K3/replicate_085.rds"
11,86,1000,72,36,3,3,0.94724042423833,0.0695219428905959,0.185397321879739,1.66665454705556,2010086,"result/fits/scenario_11_n1000_J36_K3/replicate_086.rds"
11,87,1000,72,36,3,3,0.995277685400732,0.065704807423498,0.171515469301268,1.64835675557454,2010087,"result/fits/scenario_11_n1000_J36_K3/replicate_087.rds"
11,88,1000,72,36,3,3,0.944950107874865,0.0707066578875708,0.174340483716246,1.65491861899694,2010088,"result/fits/scenario_11_n1000_J36_K3/replicate_088.rds"
11,89,1000,72,36,3,3,0.995277685400732,0.0688843554821408,0.207201906930272,1.64984541336695,2010089,"result/fits/scenario_11_n1000_J36_K3/replicate_089.rds"
11,90,1000,72,36,3,3,0.973876103826599,0.0645935853103777,0.17777415911948,1.65687899589539,2010090,"result/fits/scenario_11_n1000_J36_K3/replicate_090.rds"
11,91,1000,72,36,3,3,0.94724042423833,0.0640359783933981,0.129000186444948,1.65240914026896,2010091,"result/fits/scenario_11_n1000_J36_K3/replicate_091.rds"
11,92,1000,72,36,3,3,0.995277685400732,0.0606670839894242,0.151598188954506,1.67044009367625,2010092,"result/fits/scenario_11_n1000_J36_K3/replicate_092.rds"
11,93,1000,72,36,3,3,0.973876103826599,0.0692596755597614,0.167767406295012,1.67207730213801,2010093,"result/fits/scenario_11_n1000_J36_K3/replicate_093.rds"
11,94,1000,72,36,3,3,0.973876103826599,0.0592218234804042,0.172170693929154,1.61342789332072,2010094,"result/fits/scenario_11_n1000_J36_K3/replicate_094.rds"
11,95,1000,72,36,3,3,0.94724042423833,0.0728751078037673,0.197441294143454,1.64676138957342,2010095,"result/fits/scenario_11_n1000_J36_K3/replicate_095.rds"
11,96,1000,72,36,3,3,1,0.0675724795174754,0.194934595092757,1.63403638601303,2010096,"result/fits/scenario_11_n1000_J36_K3/replicate_096.rds"
11,97,1000,72,36,3,3,0.94724042423833,0.0667673505066602,0.170098050762217,1.63537318309148,2010097,"result/fits/scenario_11_n1000_J36_K3/replicate_097.rds"
11,98,1000,72,36,3,3,0.94724042423833,0.0670812259993458,0.158128573134199,1.62941094636917,2010098,"result/fits/scenario_11_n1000_J36_K3/replicate_098.rds"
11,99,1000,72,36,3,3,0.973876103826599,0.0669250919153091,0.125954908889928,1.63152071634928,2010099,"result/fits/scenario_11_n1000_J36_K3/replicate_099.rds"
11,100,1000,72,36,3,3,1,0.0771301380243384,0.0875375202652311,1.63606450557709,2010100,"result/fits/scenario_11_n1000_J36_K3/replicate_100.rds"
12,1,2000,72,36,3,3,1,0.0486191911705578,0.134443951382247,3.26451224088669,2110001,"result/fits/scenario_12_n2000_J36_K3/replicate_001.rds"
12,2,2000,72,36,3,3,0.973876103826599,0.0548963418334662,0.127023686198292,3.31839045683543,2110002,"result/fits/scenario_12_n2000_J36_K3/replicate_002.rds"
12,3,2000,72,36,3,3,0.995277685400732,0.0529830712279623,0.0781199732871872,3.34053735733032,2110003,"result/fits/scenario_12_n2000_J36_K3/replicate_003.rds"
12,4,2000,72,36,3,3,1,0.0497487587512572,0.0835941019680208,3.16377208630244,2110004,"result/fits/scenario_12_n2000_J36_K3/replicate_004.rds"
12,5,2000,72,36,3,3,1,0.0480790484286144,0.133073700594948,3.20153934558233,2110005,"result/fits/scenario_12_n2000_J36_K3/replicate_005.rds"
12,6,2000,72,36,3,3,1,0.0496041571055717,0.103476993327212,3.1996590534846,2110006,"result/fits/scenario_12_n2000_J36_K3/replicate_006.rds"
12,7,2000,72,36,3,3,1,0.044561959895831,0.135194588413005,3.21898649136225,2110007,"result/fits/scenario_12_n2000_J36_K3/replicate_007.rds"
12,8,2000,72,36,3,3,0.995277685400732,0.0472481923489685,0.110132428252646,3.19522695938746,2110008,"result/fits/scenario_12_n2000_J36_K3/replicate_008.rds"
12,9,2000,72,36,3,3,0.973876103826599,0.0507317564040103,0.100480466942701,3.21710328261058,2110009,"result/fits/scenario_12_n2000_J36_K3/replicate_009.rds"
12,10,2000,72,36,3,3,0.973876103826599,0.0524995875172939,0.0610161766568368,3.21323300997416,2110010,"result/fits/scenario_12_n2000_J36_K3/replicate_010.rds"
12,11,2000,72,36,3,3,0.973876103826599,0.0498567098462868,0.0955599017441246,3.21820230881373,2110011,"result/fits/scenario_12_n2000_J36_K3/replicate_011.rds"
12,12,2000,72,36,3,3,1,0.0477080794115082,0.127778030404348,3.22263881762822,2110012,"result/fits/scenario_12_n2000_J36_K3/replicate_012.rds"
12,13,2000,72,36,3,3,0.995277685400732,0.0529282013575488,0.0994844461122399,3.22104612191518,2110013,"result/fits/scenario_12_n2000_J36_K3/replicate_013.rds"
12,14,2000,72,36,3,3,0.995277685400732,0.0478757635937953,0.132392620466017,3.22276616493861,2110014,"result/fits/scenario_12_n2000_J36_K3/replicate_014.rds"
12,15,2000,72,36,3,3,1,0.0520023616379726,0.0938521739324683,3.21851067145665,2110015,"result/fits/scenario_12_n2000_J36_K3/replicate_015.rds"
12,16,2000,72,36,3,3,0.973876103826599,0.0427554705417222,0.149243872952583,3.6583659807841,2110016,"result/fits/scenario_12_n2000_J36_K3/replicate_016.rds"
12,17,2000,72,36,3,3,1,0.0490111860952177,0.166384412072439,3.21365516980489,2110017,"result/fits/scenario_12_n2000_J36_K3/replicate_017.rds"
12,18,2000,72,36,3,3,1,0.0489686462349395,0.133267677248451,3.24119657675425,2110018,"result/fits/scenario_12_n2000_J36_K3/replicate_018.rds"
12,19,2000,72,36,3,3,1,0.0477455872959557,0.203619346646899,3.33616669178009,2110019,"result/fits/scenario_12_n2000_J36_K3/replicate_019.rds"
12,20,2000,72,36,3,3,1,0.0485235210097842,0.112478643815972,3.33851900895437,2110020,"result/fits/scenario_12_n2000_J36_K3/replicate_020.rds"
12,21,2000,72,36,3,3,1,0.0480470627465841,0.137545702117157,3.41784871816635,2110021,"result/fits/scenario_12_n2000_J36_K3/replicate_021.rds"
12,22,2000,72,36,3,3,1,0.0501265786130472,0.115482247860431,3.28900909821192,2110022,"result/fits/scenario_12_n2000_J36_K3/replicate_022.rds"
12,23,2000,72,36,3,3,1,0.048896189467951,0.133331007860607,3.27387100060781,2110023,"result/fits/scenario_12_n2000_J36_K3/replicate_023.rds"
12,24,2000,72,36,3,3,0.973876103826599,0.045251946804632,0.118934344951344,3.26779755751292,2110024,"result/fits/scenario_12_n2000_J36_K3/replicate_024.rds"
12,25,2000,72,36,3,3,1,0.0478691440451658,0.146482675525178,3.26491715113322,2110025,"result/fits/scenario_12_n2000_J36_K3/replicate_025.rds"
12,26,2000,72,36,3,3,0.973876103826599,0.0495476035773885,0.122593415136959,3.27122771342595,2110026,"result/fits/scenario_12_n2000_J36_K3/replicate_026.rds"
12,27,2000,72,36,3,3,0.995277685400732,0.0488437788984319,0.129835105654644,3.2428514401118,2110027,"result/fits/scenario_12_n2000_J36_K3/replicate_027.rds"
12,28,2000,72,36,3,3,0.973876103826599,0.0475094216244262,0.130129192540028,3.27400149901708,2110028,"result/fits/scenario_12_n2000_J36_K3/replicate_028.rds"
12,29,2000,72,36,3,3,1,0.0488121428908348,0.11558604873458,3.30641364256541,2110029,"result/fits/scenario_12_n2000_J36_K3/replicate_029.rds"
12,30,2000,72,36,3,3,0.973876103826599,0.0522714052752059,0.106010262540376,3.311802927653,2110030,"result/fits/scenario_12_n2000_J36_K3/replicate_030.rds"
12,31,2000,72,36,3,3,1,0.0468824540802808,0.0969749568201673,3.62126258214315,2110031,"result/fits/scenario_12_n2000_J36_K3/replicate_031.rds"
12,32,2000,72,36,3,3,1,0.0490746997455085,0.166035660904799,3.28061331907908,2110032,"result/fits/scenario_12_n2000_J36_K3/replicate_032.rds"
12,33,2000,72,36,3,3,0.973876103826599,0.0526157055748917,0.0942446024916267,3.27268673976262,2110033,"result/fits/scenario_12_n2000_J36_K3/replicate_033.rds"
12,34,2000,72,36,3,3,0.973876103826599,0.0506484781130411,0.100832562872617,3.26795631249746,2110034,"result/fits/scenario_12_n2000_J36_K3/replicate_034.rds"
12,35,2000,72,36,3,3,1,0.0478938484657012,0.163034593931672,3.26799076795578,2110035,"result/fits/scenario_12_n2000_J36_K3/replicate_035.rds"
12,36,2000,72,36,3,3,1,0.0488374173911977,0.0950647387522573,3.31419699589411,2110036,"result/fits/scenario_12_n2000_J36_K3/replicate_036.rds"
12,37,2000,72,36,3,3,1,0.0490112268872381,0.124271255194391,3.31281732320786,2110037,"result/fits/scenario_12_n2000_J36_K3/replicate_037.rds"
12,38,2000,72,36,3,3,0.973876103826599,0.0494087044755243,0.112477183955141,3.31675816774368,2110038,"result/fits/scenario_12_n2000_J36_K3/replicate_038.rds"
12,39,2000,72,36,3,3,1,0.049528346864477,0.13914588021901,3.32761927048365,2110039,"result/fits/scenario_12_n2000_J36_K3/replicate_039.rds"
12,40,2000,72,36,3,3,1,0.0497805609003057,0.152235808519273,3.31678451299667,2110040,"result/fits/scenario_12_n2000_J36_K3/replicate_040.rds"
12,41,2000,72,36,3,3,1,0.0446132044020463,0.128194432945568,3.16006424824397,2110041,"result/fits/scenario_12_n2000_J36_K3/replicate_041.rds"
12,42,2000,72,36,3,3,0.973876103826599,0.0470057847564034,0.172589491423958,3.14929714202881,2110042,"result/fits/scenario_12_n2000_J36_K3/replicate_042.rds"
12,43,2000,72,36,3,3,1,0.0437641121475213,0.0458439671799125,3.15802597999573,2110043,"result/fits/scenario_12_n2000_J36_K3/replicate_043.rds"
12,44,2000,72,36,3,3,1,0.0487353282572157,0.151183918331453,3.38095988829931,2110044,"result/fits/scenario_12_n2000_J36_K3/replicate_044.rds"
12,45,2000,72,36,3,3,1,0.0457113599375448,0.112972804356928,3.3544913649559,2110045,"result/fits/scenario_12_n2000_J36_K3/replicate_045.rds"
12,46,2000,72,36,3,3,1,0.0532134119510264,0.160679441790949,3.2915101647377,2110046,"result/fits/scenario_12_n2000_J36_K3/replicate_046.rds"
12,47,2000,72,36,3,3,0.973876103826599,0.0491495961886438,0.142237704890042,3.93903794288635,2110047,"result/fits/scenario_12_n2000_J36_K3/replicate_047.rds"
12,48,2000,72,36,3,3,1,0.0501592021336519,0.141746887667555,3.3178103963534,2110048,"result/fits/scenario_12_n2000_J36_K3/replicate_048.rds"
12,49,2000,72,36,3,3,1,0.046284138114415,0.102775279845142,3.29967438777288,2110049,"result/fits/scenario_12_n2000_J36_K3/replicate_049.rds"
12,50,2000,72,36,3,3,1,0.0554439516662051,0.0792942436022535,3.30760650237401,2110050,"result/fits/scenario_12_n2000_J36_K3/replicate_050.rds"
12,51,2000,72,36,3,3,1,0.0501582297775892,0.145956871243087,3.39882240692774,2110051,"result/fits/scenario_12_n2000_J36_K3/replicate_051.rds"
12,52,2000,72,36,3,3,0.973876103826599,0.0465056820377035,0.112095395311205,3.38826286792755,2110052,"result/fits/scenario_12_n2000_J36_K3/replicate_052.rds"
12,53,2000,72,36,3,3,1,0.0519333595844505,0.122663251105116,3.54152640501658,2110053,"result/fits/scenario_12_n2000_J36_K3/replicate_053.rds"
12,54,2000,72,36,3,3,0.973876103826599,0.0541798277808069,0.120957828140374,3.38735876878103,2110054,"result/fits/scenario_12_n2000_J36_K3/replicate_054.rds"
12,55,2000,72,36,3,3,0.995277685400732,0.0497410493823062,0.117879731405095,3.41101193030675,2110055,"result/fits/scenario_12_n2000_J36_K3/replicate_055.rds"
12,56,2000,72,36,3,3,0.973876103826599,0.0475924574936284,0.155284268042021,3.40792941252391,2110056,"result/fits/scenario_12_n2000_J36_K3/replicate_056.rds"
12,57,2000,72,36,3,3,1,0.0446387001847993,0.0749840291229532,3.42136865456899,2110057,"result/fits/scenario_12_n2000_J36_K3/replicate_057.rds"
12,58,2000,72,36,3,3,1,0.0461718774544704,0.120245458758921,3.4144971927007,2110058,"result/fits/scenario_12_n2000_J36_K3/replicate_058.rds"
12,59,2000,72,36,3,3,1,0.0493985351356756,0.129000496244714,3.41709702809652,2110059,"result/fits/scenario_12_n2000_J36_K3/replicate_059.rds"
12,60,2000,72,36,3,3,1,0.0504425782109701,0.121361578135596,3.40350600878398,2110060,"result/fits/scenario_12_n2000_J36_K3/replicate_060.rds"
12,61,2000,72,36,3,3,1,0.0481659356633576,0.131900170743905,3.41622060934703,2110061,"result/fits/scenario_12_n2000_J36_K3/replicate_061.rds"
12,62,2000,72,36,3,3,1,0.0524636613853364,0.184809907579922,3.24506375392278,2110062,"result/fits/scenario_12_n2000_J36_K3/replicate_062.rds"
12,63,2000,72,36,3,3,1,0.0460824626613331,0.133234599890742,9.0186401963234,2110063,"result/fits/scenario_12_n2000_J36_K3/replicate_063.rds"
12,64,2000,72,36,3,3,0.995277685400732,0.0533731545497535,0.129283771995355,3.24657328923543,2110064,"result/fits/scenario_12_n2000_J36_K3/replicate_064.rds"
12,65,2000,72,36,3,3,1,0.0485015384261273,0.120718700480003,3.26300430695216,2110065,"result/fits/scenario_12_n2000_J36_K3/replicate_065.rds"
12,66,2000,72,36,3,3,0.995277685400732,0.0484269643571821,0.0888424575888739,3.2506023645401,2110066,"result/fits/scenario_12_n2000_J36_K3/replicate_066.rds"
12,67,2000,72,36,3,3,1,0.0531046116784025,0.111835141090253,3.62673840522766,2110067,"result/fits/scenario_12_n2000_J36_K3/replicate_067.rds"
12,68,2000,72,36,3,3,1,0.0473044106274285,0.0943306692824576,3.32142248551051,2110068,"result/fits/scenario_12_n2000_J36_K3/replicate_068.rds"
12,69,2000,72,36,3,3,1,0.0494430201342926,0.113010658645316,3.32975372076035,2110069,"result/fits/scenario_12_n2000_J36_K3/replicate_069.rds"
12,70,2000,72,36,3,3,1,0.0521936059310071,0.187371398830217,4.83619796037674,2110070,"result/fits/scenario_12_n2000_J36_K3/replicate_070.rds"
12,71,2000,72,36,3,3,1,0.0500707374064032,0.109990080434154,3.32046054999034,2110071,"result/fits/scenario_12_n2000_J36_K3/replicate_071.rds"
12,72,2000,72,36,3,3,1,0.045820801428172,0.151415520659042,3.32509111166,2110072,"result/fits/scenario_12_n2000_J36_K3/replicate_072.rds"
12,73,2000,72,36,3,3,0.949737055016181,0.0511350651315434,0.100871450748369,3.32001878420512,2110073,"result/fits/scenario_12_n2000_J36_K3/replicate_073.rds"
12,74,2000,72,36,3,3,1,0.0505543741105231,0.122766110211783,3.22203870217005,2110074,"result/fits/scenario_12_n2000_J36_K3/replicate_074.rds"
12,75,2000,72,36,3,3,1,0.045539230262366,0.130227720995936,3.23816925684611,2110075,"result/fits/scenario_12_n2000_J36_K3/replicate_075.rds"
12,76,2000,72,36,3,3,1,0.0449182280579444,0.112801902823058,3.22639892896016,2110076,"result/fits/scenario_12_n2000_J36_K3/replicate_076.rds"
12,77,2000,72,36,3,3,0.973876103826599,0.0520055111013873,0.109262056512509,8.83678895235062,2110077,"result/fits/scenario_12_n2000_J36_K3/replicate_077.rds"
12,78,2000,72,36,3,3,1,0.0485565524131349,0.121139607538096,3.22311385075251,2110078,"result/fits/scenario_12_n2000_J36_K3/replicate_078.rds"
12,79,2000,72,36,3,3,1,0.0481054298856484,0.135605994724641,3.22206717729568,2110079,"result/fits/scenario_12_n2000_J36_K3/replicate_079.rds"
12,80,2000,72,36,3,3,1,0.0464916978392784,0.102953105168842,3.22096219857534,2110080,"result/fits/scenario_12_n2000_J36_K3/replicate_080.rds"
12,81,2000,72,36,3,3,1,0.0463131813263068,0.130011432935081,3.22035621007284,2110081,"result/fits/scenario_12_n2000_J36_K3/replicate_081.rds"
12,82,2000,72,36,3,3,1,0.0497148946214504,0.144817090342874,3.29645483096441,2110082,"result/fits/scenario_12_n2000_J36_K3/replicate_082.rds"
12,83,2000,72,36,3,3,1,0.0520799052902705,0.1120963582588,3.4595103820165,2110083,"result/fits/scenario_12_n2000_J36_K3/replicate_083.rds"
12,84,2000,72,36,3,3,0.973876103826599,0.0542235297772169,0.151812182641757,3.30217750469844,2110084,"result/fits/scenario_12_n2000_J36_K3/replicate_084.rds"
12,85,2000,72,36,3,3,1,0.0480469501829439,0.157784181374301,3.30568193594615,2110085,"result/fits/scenario_12_n2000_J36_K3/replicate_085.rds"
12,86,2000,72,36,3,3,1,0.0474767451900275,0.0901128555354894,3.30291899442673,2110086,"result/fits/scenario_12_n2000_J36_K3/replicate_086.rds"
12,87,2000,72,36,3,3,1,0.0520437629403315,0.145536991217876,3.28937690258026,2110087,"result/fits/scenario_12_n2000_J36_K3/replicate_087.rds"
12,88,2000,72,36,3,3,1,0.0456749124952073,0.157286273148478,3.31920140981674,2110088,"result/fits/scenario_12_n2000_J36_K3/replicate_088.rds"
12,89,2000,72,36,3,3,1,0.0478714720032271,0.146973266733285,3.31730679273605,2110089,"result/fits/scenario_12_n2000_J36_K3/replicate_089.rds"
12,90,2000,72,36,3,3,0.890145784623848,0.0535055153537536,0.0949332758733744,11.843562845389,2110090,"result/fits/scenario_12_n2000_J36_K3/replicate_090.rds"
12,91,2000,72,36,3,3,0.995277685400732,0.0487884616437609,0.0756851261331451,3.26996439695358,2110091,"result/fits/scenario_12_n2000_J36_K3/replicate_091.rds"
12,92,2000,72,36,3,3,1,0.0489694333250241,0.09113308867555,3.2637438972791,2110092,"result/fits/scenario_12_n2000_J36_K3/replicate_092.rds"
12,93,2000,72,36,3,3,1,0.0458313320728013,0.112599385295818,3.27758366266886,2110093,"result/fits/scenario_12_n2000_J36_K3/replicate_093.rds"
12,94,2000,72,36,3,3,1,0.0518131119148409,0.117377778088045,3.27287619113922,2110094,"result/fits/scenario_12_n2000_J36_K3/replicate_094.rds"
12,95,2000,72,36,3,3,1,0.0487042862572081,0.131391778229299,3.34877483447393,2110095,"result/fits/scenario_12_n2000_J36_K3/replicate_095.rds"
12,96,2000,72,36,3,3,0.973876103826599,0.0469806449638858,0.121539428639234,3.26465485095978,2110096,"result/fits/scenario_12_n2000_J36_K3/replicate_096.rds"
12,97,2000,72,36,3,3,1,0.0468190012425446,0.118395204729946,3.29334464073181,2110097,"result/fits/scenario_12_n2000_J36_K3/replicate_097.rds"
12,98,2000,72,36,3,3,1,0.0480336088333082,0.180823695564947,3.27806988159815,2110098,"result/fits/scenario_12_n2000_J36_K3/replicate_098.rds"
12,99,2000,72,36,3,3,1,0.0460003777439143,0.0948852217626715,3.36770857175191,2110099,"result/fits/scenario_12_n2000_J36_K3/replicate_099.rds"
12,100,2000,72,36,3,3,1,0.0497352237080415,0.0943643842520758,3.28101194302241,2110100,"result/fits/scenario_12_n2000_J36_K3/replicate_100.rds"
13,1,500,48,24,4,4,0.859211183225162,0.108439656456011,0.329137680032523,0.981559213002523,2210001,"result/fits/scenario_13_n500_J24_K4/replicate_001.rds"
13,2,500,48,24,4,4,0.803347280334728,0.111897692262877,0.193560744403573,0.981623351573944,2210002,"result/fits/scenario_13_n500_J24_K4/replicate_002.rds"
13,3,500,48,24,4,4,0.876809785322017,0.107187208432186,0.316827200997553,0.980352183183034,2210003,"result/fits/scenario_13_n500_J24_K4/replicate_003.rds"
13,4,500,48,24,4,4,0.876809785322017,0.110051967756427,0.315314507435927,0.978038573265076,2210004,"result/fits/scenario_13_n500_J24_K4/replicate_004.rds"
13,5,500,48,24,4,4,0.957655114421287,0.104748369127937,0.303416425077678,0.980258870124817,2210005,"result/fits/scenario_13_n500_J24_K4/replicate_005.rds"
13,6,500,48,24,4,4,0.914669571532317,0.100245555206786,0.339286735321625,0.980414895216624,2210006,"result/fits/scenario_13_n500_J24_K4/replicate_006.rds"
13,7,500,48,24,4,4,0.78592646379299,0.11853860929379,0.343320972255967,0.981634902954102,2210007,"result/fits/scenario_13_n500_J24_K4/replicate_007.rds"
13,8,500,48,24,4,4,0.913358731719307,0.11205211403772,0.440869416634909,0.97715429464976,2210008,"result/fits/scenario_13_n500_J24_K4/replicate_008.rds"
13,9,500,48,24,4,4,0.803347280334728,0.101209633628359,0.300910627318416,1.02692762613297,2210009,"result/fits/scenario_13_n500_J24_K4/replicate_009.rds"
13,10,500,48,24,4,4,0.914669571532317,0.107071445159419,0.318486045867776,0.921720286210378,2210010,"result/fits/scenario_13_n500_J24_K4/replicate_010.rds"
13,11,500,48,24,4,4,0.930686985375445,0.119356376477999,0.266704916477484,0.920511174201965,2210011,"result/fits/scenario_13_n500_J24_K4/replicate_011.rds"
13,12,500,48,24,4,4,0.914669571532317,0.0987093557490232,0.261575118087686,0.957858542601267,2210012,"result/fits/scenario_13_n500_J24_K4/replicate_012.rds"
13,13,500,48,24,4,4,0.846827273308199,0.110923142841695,0.324064869120005,0.955979073047638,2210013,"result/fits/scenario_13_n500_J24_K4/replicate_013.rds"
13,14,500,48,24,4,4,0.876809785322017,0.109676154228385,0.322876360844205,0.959974737962087,2210014,"result/fits/scenario_13_n500_J24_K4/replicate_014.rds"
13,15,500,48,24,4,4,0.9495648026708,0.122661689430406,0.310223307161714,0.980292848745982,2210015,"result/fits/scenario_13_n500_J24_K4/replicate_015.rds"
13,16,500,48,24,4,4,0.752776154295734,0.107146032392532,0.266723859190678,1.00885966618856,2210016,"result/fits/scenario_13_n500_J24_K4/replicate_016.rds"
13,17,500,48,24,4,4,0.886494519784507,0.112728258534639,0.310338522518919,1.0077493985494,2210017,"result/fits/scenario_13_n500_J24_K4/replicate_017.rds"
13,18,500,48,24,4,4,0.913358731719307,0.100024900471784,0.302232676898539,1.01571389039357,2210018,"result/fits/scenario_13_n500_J24_K4/replicate_018.rds"
13,19,500,48,24,4,4,0.966376535113867,0.100279014307403,0.340382886000827,1.01041307449341,2210019,"result/fits/scenario_13_n500_J24_K4/replicate_019.rds"
13,20,500,48,24,4,4,0.922617232758095,0.114071737542699,0.287419156272794,0.971526638666789,2210020,"result/fits/scenario_13_n500_J24_K4/replicate_020.rds"
13,21,500,48,24,4,4,0.957655114421287,0.109873805969413,0.406037502623114,0.966245504220327,2210021,"result/fits/scenario_13_n500_J24_K4/replicate_021.rds"
13,22,500,48,24,4,4,0.922617232758095,0.111222249419449,0.349241382070094,0.960324784119924,2210022,"result/fits/scenario_13_n500_J24_K4/replicate_022.rds"
13,23,500,48,24,4,4,0.957655114421287,0.111982166407383,0.263810950248272,0.963456928730011,2210023,"result/fits/scenario_13_n500_J24_K4/replicate_023.rds"
13,24,500,48,24,4,4,1,0.116742814610644,0.279402767077761,0.971606016159058,2210024,"result/fits/scenario_13_n500_J24_K4/replicate_024.rds"
13,25,500,48,24,4,4,1,0.0929425285754908,0.364851616977566,0.982932806015015,2210025,"result/fits/scenario_13_n500_J24_K4/replicate_025.rds"
13,26,500,48,24,4,4,0.869032138212892,0.103273352377902,0.305680429586811,0.982633066177368,2210026,"result/fits/scenario_13_n500_J24_K4/replicate_026.rds"
13,27,500,48,24,4,4,0.886494519784507,0.102424980260731,0.449655205527935,0.988914291063944,2210027,"result/fits/scenario_13_n500_J24_K4/replicate_027.rds"
13,28,500,48,24,4,4,0.922617232758095,0.112256777594633,0.362819989270321,0.98538320461909,2210028,"result/fits/scenario_13_n500_J24_K4/replicate_028.rds"
13,29,500,48,24,4,4,0.800180365885081,0.11040218455393,0.345715817425379,1.06396041313807,2210029,"result/fits/scenario_13_n500_J24_K4/replicate_029.rds"
13,30,500,48,24,4,4,0.966376535113867,0.0968676802547865,0.34529864865418,0.98030587832133,2210030,"result/fits/scenario_13_n500_J24_K4/replicate_030.rds"
13,31,500,48,24,4,4,0.957655114421287,0.100998647541006,0.276927935668002,0.981408433119456,2210031,"result/fits/scenario_13_n500_J24_K4/replicate_031.rds"
13,32,500,48,24,4,4,1,0.111810226402242,0.442789303634002,0.982338786125183,2210032,"result/fits/scenario_13_n500_J24_K4/replicate_032.rds"
13,33,500,48,24,4,4,0.913358731719307,0.110821378370255,0.334763310936402,0.965136901537577,2210033,"result/fits/scenario_13_n500_J24_K4/replicate_033.rds"
13,34,500,48,24,4,4,1,0.097290839723252,0.315273320202634,0.961402197678884,2210034,"result/fits/scenario_13_n500_J24_K4/replicate_034.rds"
13,35,500,48,24,4,4,0.966376535113867,0.0921469404214457,0.358542646859315,0.966944066683451,2210035,"result/fits/scenario_13_n500_J24_K4/replicate_035.rds"
13,36,500,48,24,4,4,0.841612581128308,0.117661747402455,0.330021437293307,0.962679787476857,2210036,"result/fits/scenario_13_n500_J24_K4/replicate_036.rds"
13,37,500,48,24,4,4,0.913358731719307,0.103206782862552,0.300574860347719,0.965359902381897,2210037,"result/fits/scenario_13_n500_J24_K4/replicate_037.rds"
13,38,500,48,24,4,4,0.923779205958316,0.109293920940361,0.337346523565212,0.967172118028005,2210038,"result/fits/scenario_13_n500_J24_K4/replicate_038.rds"
13,39,500,48,24,4,4,0.886494519784507,0.112200783712252,0.33188506381644,0.967390425999959,2210039,"result/fits/scenario_13_n500_J24_K4/replicate_039.rds"
13,40,500,48,24,4,4,0.922617232758095,0.0897211401288101,0.322957507512624,0.965285726388295,2210040,"result/fits/scenario_13_n500_J24_K4/replicate_040.rds"
13,41,500,48,24,4,4,0.930686985375445,0.107729858036973,0.289952098769981,0.963753493626912,2210041,"result/fits/scenario_13_n500_J24_K4/replicate_041.rds"
13,42,500,48,24,4,4,0.974593068652772,0.0956604101133525,0.346322351861581,0.968424463272095,2210042,"result/fits/scenario_13_n500_J24_K4/replicate_042.rds"
13,43,500,48,24,4,4,0.966376535113867,0.0976300979190106,0.328412132142263,0.9646866162618,2210043,"result/fits/scenario_13_n500_J24_K4/replicate_043.rds"
13,44,500,48,24,4,4,0.966376535113867,0.0912054540224269,0.248821370980419,0.971002606550852,2210044,"result/fits/scenario_13_n500_J24_K4/replicate_044.rds"
13,45,500,48,24,4,4,0.931735657225853,0.0995615188728503,0.414553116456866,0.9747110247612,2210045,"result/fits/scenario_13_n500_J24_K4/replicate_045.rds"
13,46,500,48,24,4,4,0.737220447284345,0.119357276610432,0.208674631245665,0.967182203133901,2210046,"result/fits/scenario_13_n500_J24_K4/replicate_046.rds"
13,47,500,48,24,4,4,0.813761871815837,0.114374068709814,0.322450735179582,0.977996349334717,2210047,"result/fits/scenario_13_n500_J24_K4/replicate_047.rds"
13,48,500,48,24,4,4,0.83651120845143,0.109603330542455,0.359020800137891,0.966477632522583,2210048,"result/fits/scenario_13_n500_J24_K4/replicate_048.rds"
13,49,500,48,24,4,4,0.810786631733657,0.100519710867777,0.265541199560273,0.961639269193013,2210049,"result/fits/scenario_13_n500_J24_K4/replicate_049.rds"
13,50,500,48,24,4,4,0.931735657225853,0.0974578393374031,0.266065238663427,0.960229472319285,2210050,"result/fits/scenario_13_n500_J24_K4/replicate_050.rds"
13,51,500,48,24,4,4,0.922617232758095,0.107835510787587,0.315346585334405,0.961229213078817,2210051,"result/fits/scenario_13_n500_J24_K4/replicate_051.rds"
13,52,500,48,24,4,4,0.876809785322017,0.113090864611316,0.256176600953995,0.963095688819885,2210052,"result/fits/scenario_13_n500_J24_K4/replicate_052.rds"
13,53,500,48,24,4,4,0.957655114421287,0.109277637734838,0.343954012535319,0.96579460700353,2210053,"result/fits/scenario_13_n500_J24_K4/replicate_053.rds"
13,54,500,48,24,4,4,0.886494519784507,0.102099311355815,0.312752998412486,0.972030305862427,2210054,"result/fits/scenario_13_n500_J24_K4/replicate_054.rds"
13,55,500,48,24,4,4,0.903956901356121,0.0976423178477858,0.343045690076804,0.972500288486481,2210055,"result/fits/scenario_13_n500_J24_K4/replicate_055.rds"
13,56,500,48,24,4,4,0.914669571532317,0.0981241294126861,0.258460909696915,0.973402643203735,2210056,"result/fits/scenario_13_n500_J24_K4/replicate_056.rds"
13,57,500,48,24,4,4,0.931735657225853,0.116410024510565,0.21233747958115,0.970976424217224,2210057,"result/fits/scenario_13_n500_J24_K4/replicate_057.rds"
13,58,500,48,24,4,4,0.886494519784507,0.1059339377241,0.232706876746919,0.967494372526805,2210058,"result/fits/scenario_13_n500_J24_K4/replicate_058.rds"
13,59,500,48,24,4,4,0.913358731719307,0.107179745208871,0.328252118300579,0.991040221850077,2210059,"result/fits/scenario_13_n500_J24_K4/replicate_059.rds"
13,60,500,48,24,4,4,0.913358731719307,0.113434714070587,0.280943277487885,0.921367617448171,2210060,"result/fits/scenario_13_n500_J24_K4/replicate_060.rds"
13,61,500,48,24,4,4,1,0.103686500051909,0.273155492672823,0.960178808371226,2210061,"result/fits/scenario_13_n500_J24_K4/replicate_061.rds"
13,62,500,48,24,4,4,0.859211183225162,0.110433831099234,0.318166454931626,0.961345092455546,2210062,"result/fits/scenario_13_n500_J24_K4/replicate_062.rds"
13,63,500,48,24,4,4,0.896030478063168,0.124337451309995,0.266709929586406,0.958878020445506,2210063,"result/fits/scenario_13_n500_J24_K4/replicate_063.rds"
13,64,500,48,24,4,4,0.931735657225853,0.101553356990622,0.334362056602441,0.957674658298492,2210064,"result/fits/scenario_13_n500_J24_K4/replicate_064.rds"
13,65,500,48,24,4,4,0.913358731719307,0.10734902368891,0.412459040254742,0.9572176973025,2210065,"result/fits/scenario_13_n500_J24_K4/replicate_065.rds"
13,66,500,48,24,4,4,0.903956901356121,0.101631267086296,0.376285157929709,0.961720065275828,2210066,"result/fits/scenario_13_n500_J24_K4/replicate_066.rds"
13,67,500,48,24,4,4,0.886494519784507,0.108114251190213,0.210534739523763,1.06390070915222,2210067,"result/fits/scenario_13_n500_J24_K4/replicate_067.rds"
13,68,500,48,24,4,4,0.876809785322017,0.104828598993998,0.262560142180638,1.06667382319768,2210068,"result/fits/scenario_13_n500_J24_K4/replicate_068.rds"
13,69,500,48,24,4,4,1,0.118275619260299,0.303582621391104,1.06098839441935,2210069,"result/fits/scenario_13_n500_J24_K4/replicate_069.rds"
13,70,500,48,24,4,4,0.966376535113867,0.0996896532017114,0.365256560132921,1.05396825472514,2210070,"result/fits/scenario_13_n500_J24_K4/replicate_070.rds"
13,71,500,48,24,4,4,1,0.102398579899984,0.366830880453817,1.06007306575775,2210071,"result/fits/scenario_13_n500_J24_K4/replicate_071.rds"
13,72,500,48,24,4,4,0.957655114421287,0.105980211247972,0.349012320729455,1.0594315012296,2210072,"result/fits/scenario_13_n500_J24_K4/replicate_072.rds"
13,73,500,48,24,4,4,0.886494519784507,0.108491526907033,0.291972366375163,1.06215346654256,2210073,"result/fits/scenario_13_n500_J24_K4/replicate_073.rds"
13,74,500,48,24,4,4,0.923779205958316,0.112623858773818,0.36744278795456,1.06130048831304,2210074,"result/fits/scenario_13_n500_J24_K4/replicate_074.rds"
13,75,500,48,24,4,4,0.841612581128308,0.128371354589455,0.291779079875661,0.986417917410533,2210075,"result/fits/scenario_13_n500_J24_K4/replicate_075.rds"
13,76,500,48,24,4,4,0.974593068652772,0.105647590882765,0.41157902098438,0.98749711116155,2210076,"result/fits/scenario_13_n500_J24_K4/replicate_076.rds"
13,77,500,48,24,4,4,0.957655114421287,0.101384797010809,0.236653697867767,0.986071848869324,2210077,"result/fits/scenario_13_n500_J24_K4/replicate_077.rds"
13,78,500,48,24,4,4,0.767311373688032,0.119832495547156,0.365349123637281,0.989203027884165,2210078,"result/fits/scenario_13_n500_J24_K4/replicate_078.rds"
13,79,500,48,24,4,4,0.821224800304298,0.109890422574534,0.263973822354979,0.993538765112559,2210079,"result/fits/scenario_13_n500_J24_K4/replicate_079.rds"
13,80,500,48,24,4,4,0.914669571532317,0.101415136594111,0.239396072521483,0.986175056298574,2210080,"result/fits/scenario_13_n500_J24_K4/replicate_080.rds"
13,81,500,48,24,4,4,0.886494519784507,0.117193523490653,0.281103309409147,0.988001175721486,2210081,"result/fits/scenario_13_n500_J24_K4/replicate_081.rds"
13,82,500,48,24,4,4,0.913358731719307,0.110327527949727,0.255043150511172,0.990563786029816,2210082,"result/fits/scenario_13_n500_J24_K4/replicate_082.rds"
13,83,500,48,24,4,4,0.778447034175723,0.114730362257766,0.335938781506312,0.989739433924357,2210083,"result/fits/scenario_13_n500_J24_K4/replicate_083.rds"
13,84,500,48,24,4,4,0.876809785322017,0.101797250715869,0.330984189736697,0.986499543984731,2210084,"result/fits/scenario_13_n500_J24_K4/replicate_084.rds"
13,85,500,48,24,4,4,0.884709730171709,0.103699683059526,0.311297582504366,0.990669051806132,2210085,"result/fits/scenario_13_n500_J24_K4/replicate_085.rds"
13,86,500,48,24,4,4,1,0.100533149853023,0.251869847487789,0.956833680470785,2210086,"result/fits/scenario_13_n500_J24_K4/replicate_086.rds"
13,87,500,48,24,4,4,0.886494519784507,0.109782487834497,0.342650061896179,0.953045205275218,2210087,"result/fits/scenario_13_n500_J24_K4/replicate_087.rds"
13,88,500,48,24,4,4,0.930686985375445,0.101247017390735,0.293895196243016,0.925515735149384,2210088,"result/fits/scenario_13_n500_J24_K4/replicate_088.rds"
13,89,500,48,24,4,4,0.966376535113867,0.103662567641595,0.364433755730159,0.970700836181641,2210089,"result/fits/scenario_13_n500_J24_K4/replicate_089.rds"
13,90,500,48,24,4,4,0.831498836404805,0.122351964326007,0.318680614382831,0.968186505635579,2210090,"result/fits/scenario_13_n500_J24_K4/replicate_090.rds"
13,91,500,48,24,4,4,0.957655114421287,0.1020804738271,0.258393488261536,0.973461890220642,2210091,"result/fits/scenario_13_n500_J24_K4/replicate_091.rds"
13,92,500,48,24,4,4,0.922617232758095,0.109921515675078,0.295768154459615,0.976252567768097,2210092,"result/fits/scenario_13_n500_J24_K4/replicate_092.rds"
13,93,500,48,24,4,4,0.884709730171709,0.0963040637242369,0.263942661589879,0.969927668571472,2210093,"result/fits/scenario_13_n500_J24_K4/replicate_093.rds"
13,94,500,48,24,4,4,0.866972765582741,0.100707844888238,0.304120017148273,1.03712106545766,2210094,"result/fits/scenario_13_n500_J24_K4/replicate_094.rds"
13,95,500,48,24,4,4,0.922617232758095,0.106171978913975,0.407984698302564,1.03590100606283,2210095,"result/fits/scenario_13_n500_J24_K4/replicate_095.rds"
13,96,500,48,24,4,4,0.839102320273868,0.112308370527536,0.296353626540744,1.03659530480703,2210096,"result/fits/scenario_13_n500_J24_K4/replicate_096.rds"
13,97,500,48,24,4,4,1,0.109709220488459,0.367733095967159,1.034723508358,2210097,"result/fits/scenario_13_n500_J24_K4/replicate_097.rds"
13,98,500,48,24,4,4,0.914669571532317,0.101372057154058,0.296946735664396,1.04269283612569,2210098,"result/fits/scenario_13_n500_J24_K4/replicate_098.rds"
13,99,500,48,24,4,4,1,0.0895502112714471,0.30364774878564,1.03769584496816,2210099,"result/fits/scenario_13_n500_J24_K4/replicate_099.rds"
13,100,500,48,24,4,4,0.957655114421287,0.0989235686224634,0.374571909455973,1.03509662548701,2210100,"result/fits/scenario_13_n500_J24_K4/replicate_100.rds"
14,1,1000,48,24,4,4,0.957655114421287,0.0775358914902603,0.227844576970241,2.01999478737513,2310001,"result/fits/scenario_14_n1000_J24_K4/replicate_001.rds"
14,2,1000,48,24,4,4,0.957655114421287,0.0770950820993891,0.220539556450059,2.01590139865875,2310002,"result/fits/scenario_14_n1000_J24_K4/replicate_002.rds"
14,3,1000,48,24,4,4,1,0.0715115587640248,0.223958876323337,2.03133879502614,2310003,"result/fits/scenario_14_n1000_J24_K4/replicate_003.rds"
14,4,1000,48,24,4,4,1,0.0812120442060597,0.22147551999971,2.03984356721242,2310004,"result/fits/scenario_14_n1000_J24_K4/replicate_004.rds"
14,5,1000,48,24,4,4,1,0.0849920743517173,0.297336061435848,1.87880083719889,2310005,"result/fits/scenario_14_n1000_J24_K4/replicate_005.rds"
14,6,1000,48,24,4,4,0.922617232758095,0.0758230286603565,0.250790738268649,1.88314061164856,2310006,"result/fits/scenario_14_n1000_J24_K4/replicate_006.rds"
14,7,1000,48,24,4,4,0.876809785322017,0.0744904913541736,0.181764034301331,1.88696326812108,2310007,"result/fits/scenario_14_n1000_J24_K4/replicate_007.rds"
14,8,1000,48,24,4,4,0.922617232758095,0.0804285895086161,0.235290700462009,1.88223777214686,2310008,"result/fits/scenario_14_n1000_J24_K4/replicate_008.rds"
14,9,1000,48,24,4,4,0.966376535113867,0.0697538350057382,0.314580259880947,1.87352348566055,2310009,"result/fits/scenario_14_n1000_J24_K4/replicate_009.rds"
14,10,1000,48,24,4,4,1,0.070868852794936,0.225758383601822,1.87557002703349,2310010,"result/fits/scenario_14_n1000_J24_K4/replicate_010.rds"
14,11,1000,48,24,4,4,0.966376535113867,0.0716649320680481,0.200494839317873,1.86366886297862,2310011,"result/fits/scenario_14_n1000_J24_K4/replicate_011.rds"
14,12,1000,48,24,4,4,0.966376535113867,0.0784477897171264,0.162838571559571,1.87153056462606,2310012,"result/fits/scenario_14_n1000_J24_K4/replicate_012.rds"
14,13,1000,48,24,4,4,0.966376535113867,0.0750011408543937,0.234063233113645,1.88155720233917,2310013,"result/fits/scenario_14_n1000_J24_K4/replicate_013.rds"
14,14,1000,48,24,4,4,0.922617232758095,0.0852787573615012,0.265428207608543,1.87692848841349,2310014,"result/fits/scenario_14_n1000_J24_K4/replicate_014.rds"
14,15,1000,48,24,4,4,1,0.0754267315094315,0.260727792383204,1.88847728172938,2310015,"result/fits/scenario_14_n1000_J24_K4/replicate_015.rds"
14,16,1000,48,24,4,4,0.931735657225853,0.076457175147864,0.215254833058528,1.85550546248754,2310016,"result/fits/scenario_14_n1000_J24_K4/replicate_016.rds"
14,17,1000,48,24,4,4,1,0.072148283689595,0.283886329061617,1.87701714436213,2310017,"result/fits/scenario_14_n1000_J24_K4/replicate_017.rds"
14,18,1000,48,24,4,4,1,0.0745746941632523,0.194280016742007,1.87548542817434,2310018,"result/fits/scenario_14_n1000_J24_K4/replicate_018.rds"
14,19,1000,48,24,4,4,0.886494519784507,0.0749188032481912,0.206336180403091,1.89471118847529,2310019,"result/fits/scenario_14_n1000_J24_K4/replicate_019.rds"
14,20,1000,48,24,4,4,1,0.0853560333103013,0.275518899422303,1.88990039030711,2310020,"result/fits/scenario_14_n1000_J24_K4/replicate_020.rds"
14,21,1000,48,24,4,4,0.876809785322017,0.07684285881038,0.241979480993133,1.89188013474147,2310021,"result/fits/scenario_14_n1000_J24_K4/replicate_021.rds"
14,22,1000,48,24,4,4,0.966376535113867,0.0729833764614859,0.271142685828192,1.85146496295929,2310022,"result/fits/scenario_14_n1000_J24_K4/replicate_022.rds"
14,23,1000,48,24,4,4,0.913358731719307,0.0794651523914418,0.249129909612528,1.85916577180227,2310023,"result/fits/scenario_14_n1000_J24_K4/replicate_023.rds"
14,24,1000,48,24,4,4,1,0.0738359433395003,0.255139178422587,1.86450750430425,2310024,"result/fits/scenario_14_n1000_J24_K4/replicate_024.rds"
14,25,1000,48,24,4,4,1,0.0741676807119827,0.18605442523096,1.88141601085663,2310025,"result/fits/scenario_14_n1000_J24_K4/replicate_025.rds"
14,26,1000,48,24,4,4,0.958281555121605,0.0752691378571788,0.22991192944088,1.87815772692362,2310026,"result/fits/scenario_14_n1000_J24_K4/replicate_026.rds"
14,27,1000,48,24,4,4,0.957655114421287,0.0824696616730032,0.234424242123385,1.87497957547506,2310027,"result/fits/scenario_14_n1000_J24_K4/replicate_027.rds"
14,28,1000,48,24,4,4,0.876809785322017,0.0795459897700512,0.272892441682286,1.86970866918564,2310028,"result/fits/scenario_14_n1000_J24_K4/replicate_028.rds"
14,29,1000,48,24,4,4,0.966376535113867,0.0797549136608534,0.228189974161332,1.88261800607045,2310029,"result/fits/scenario_14_n1000_J24_K4/replicate_029.rds"
14,30,1000,48,24,4,4,1,0.0660634478091576,0.216765991795889,1.88860404888789,2310030,"result/fits/scenario_14_n1000_J24_K4/replicate_030.rds"
14,31,1000,48,24,4,4,0.922617232758095,0.0715875860943758,0.207887825905592,1.88038171132406,2310031,"result/fits/scenario_14_n1000_J24_K4/replicate_031.rds"
14,32,1000,48,24,4,4,0.966376535113867,0.0843564466488819,0.215808991529853,1.88262403408686,2310032,"result/fits/scenario_14_n1000_J24_K4/replicate_032.rds"
14,33,1000,48,24,4,4,0.930686985375445,0.0743757316706883,0.297241215639005,1.88086711963018,2310033,"result/fits/scenario_14_n1000_J24_K4/replicate_033.rds"
14,34,1000,48,24,4,4,0.966376535113867,0.0721915635292358,0.249319225034271,1.88178890943527,2310034,"result/fits/scenario_14_n1000_J24_K4/replicate_034.rds"
14,35,1000,48,24,4,4,0.913358731719307,0.0736355413768583,0.217927742556713,1.88154932657878,2310035,"result/fits/scenario_14_n1000_J24_K4/replicate_035.rds"
14,36,1000,48,24,4,4,0.957655114421287,0.071087905531262,0.217304328887522,1.87595923344294,2310036,"result/fits/scenario_14_n1000_J24_K4/replicate_036.rds"
14,37,1000,48,24,4,4,0.957655114421287,0.0867502107729289,0.215129548350835,1.88804926872253,2310037,"result/fits/scenario_14_n1000_J24_K4/replicate_037.rds"
14,38,1000,48,24,4,4,1,0.0689035484573802,0.314263199900614,1.87994627555211,2310038,"result/fits/scenario_14_n1000_J24_K4/replicate_038.rds"
14,39,1000,48,24,4,4,0.966376535113867,0.071135723453194,0.338322049447971,1.88359889189402,2310039,"result/fits/scenario_14_n1000_J24_K4/replicate_039.rds"
14,40,1000,48,24,4,4,1,0.0694073289785155,0.222444604718431,1.87395167350769,2310040,"result/fits/scenario_14_n1000_J24_K4/replicate_040.rds"
14,41,1000,48,24,4,4,1,0.068732103685808,0.228683893500824,2.03123340606689,2310041,"result/fits/scenario_14_n1000_J24_K4/replicate_041.rds"
14,42,1000,48,24,4,4,0.922617232758095,0.0812106516559223,0.216368793533313,2.02898404598236,2310042,"result/fits/scenario_14_n1000_J24_K4/replicate_042.rds"
14,43,1000,48,24,4,4,1,0.086727833514143,0.278634367880032,2.01731735865275,2310043,"result/fits/scenario_14_n1000_J24_K4/replicate_043.rds"
14,44,1000,48,24,4,4,0.93888166449935,0.0966790642608243,0.306100745159924,2.01903216044108,2310044,"result/fits/scenario_14_n1000_J24_K4/replicate_044.rds"
14,45,1000,48,24,4,4,0.876809785322017,0.0807668065904938,0.213764630379746,1.90505069494247,2310045,"result/fits/scenario_14_n1000_J24_K4/replicate_045.rds"
14,46,1000,48,24,4,4,1,0.0769557807001889,0.254572342252438,1.91073788801829,2310046,"result/fits/scenario_14_n1000_J24_K4/replicate_046.rds"
14,47,1000,48,24,4,4,1,0.0694652540061908,0.208142787398114,1.89695581595103,2310047,"result/fits/scenario_14_n1000_J24_K4/replicate_047.rds"
14,48,1000,48,24,4,4,1,0.077111049095255,0.210715314161091,1.92545919418335,2310048,"result/fits/scenario_14_n1000_J24_K4/replicate_048.rds"
14,49,1000,48,24,4,4,1,0.0722145398617094,0.318358412949384,1.8661260008812,2310049,"result/fits/scenario_14_n1000_J24_K4/replicate_049.rds"
14,50,1000,48,24,4,4,0.957655114421287,0.0931600262700291,0.249870455269144,1.87805894613266,2310050,"result/fits/scenario_14_n1000_J24_K4/replicate_050.rds"
14,51,1000,48,24,4,4,0.966376535113867,0.0694024669661435,0.291550077338832,1.87181432247162,2310051,"result/fits/scenario_14_n1000_J24_K4/replicate_051.rds"
14,52,1000,48,24,4,4,0.966376535113867,0.0833964111746581,0.28052043992537,1.88174044291178,2310052,"result/fits/scenario_14_n1000_J24_K4/replicate_052.rds"
14,53,1000,48,24,4,4,0.957655114421287,0.0766804778915988,0.285504268109587,1.89690030813217,2310053,"result/fits/scenario_14_n1000_J24_K4/replicate_053.rds"
14,54,1000,48,24,4,4,1,0.0726544554547397,0.30031491010357,1.89931768576304,2310054,"result/fits/scenario_14_n1000_J24_K4/replicate_054.rds"
14,55,1000,48,24,4,4,1,0.0766252834897147,0.19957181758759,1.84991385142008,2310055,"result/fits/scenario_14_n1000_J24_K4/replicate_055.rds"
14,56,1000,48,24,4,4,0.913358731719307,0.0745768335852632,0.220261148525079,1.84208796421687,2310056,"result/fits/scenario_14_n1000_J24_K4/replicate_056.rds"
14,57,1000,48,24,4,4,0.922617232758095,0.0859721273695542,0.194777087065158,1.85952192544937,2310057,"result/fits/scenario_14_n1000_J24_K4/replicate_057.rds"
14,58,1000,48,24,4,4,1,0.0739980688261749,0.1736977821401,1.91810437440872,2310058,"result/fits/scenario_14_n1000_J24_K4/replicate_058.rds"
14,59,1000,48,24,4,4,1,0.0730701081135458,0.266562409798811,1.90587195555369,2310059,"result/fits/scenario_14_n1000_J24_K4/replicate_059.rds"
14,60,1000,48,24,4,4,0.966376535113867,0.0841184651410036,0.226242765612879,1.91980559428533,2310060,"result/fits/scenario_14_n1000_J24_K4/replicate_060.rds"
14,61,1000,48,24,4,4,0.966376535113867,0.0726483552414035,0.199431476709739,1.89958260059357,2310061,"result/fits/scenario_14_n1000_J24_K4/replicate_061.rds"
14,62,1000,48,24,4,4,1,0.079250054632975,0.20150065995952,1.9102698246638,2310062,"result/fits/scenario_14_n1000_J24_K4/replicate_062.rds"
14,63,1000,48,24,4,4,1,0.077200132201094,0.253586001615736,1.91120625734329,2310063,"result/fits/scenario_14_n1000_J24_K4/replicate_063.rds"
14,64,1000,48,24,4,4,0.957655114421287,0.0770743825410183,0.177400822517551,1.90343902111053,2310064,"result/fits/scenario_14_n1000_J24_K4/replicate_064.rds"
14,65,1000,48,24,4,4,0.957655114421287,0.08056294444042,0.213045004615852,1.89901305834452,2310065,"result/fits/scenario_14_n1000_J24_K4/replicate_065.rds"
14,66,1000,48,24,4,4,0.931735657225853,0.0817165209507126,0.224734021496448,1.90732014576594,2310066,"result/fits/scenario_14_n1000_J24_K4/replicate_066.rds"
14,67,1000,48,24,4,4,0.922617232758095,0.0752121466302387,0.221696868426037,1.90777059793472,2310067,"result/fits/scenario_14_n1000_J24_K4/replicate_067.rds"
14,68,1000,48,24,4,4,1,0.0719433108579417,0.205304869940739,1.89965527852376,2310068,"result/fits/scenario_14_n1000_J24_K4/replicate_068.rds"
14,69,1000,48,24,4,4,0.965867828612927,0.0973733154728375,0.224507882119657,1.91380821466446,2310069,"result/fits/scenario_14_n1000_J24_K4/replicate_069.rds"
14,70,1000,48,24,4,4,0.957655114421287,0.084931374319056,0.179972073484804,1.89870359102885,2310070,"result/fits/scenario_14_n1000_J24_K4/replicate_070.rds"
14,71,1000,48,24,4,4,1,0.075283844166099,0.21554223650664,1.87827403148015,2310071,"result/fits/scenario_14_n1000_J24_K4/replicate_071.rds"
14,72,1000,48,24,4,4,0.849235800993773,0.0809812715079514,0.173312036521909,1.87492792606354,2310072,"result/fits/scenario_14_n1000_J24_K4/replicate_072.rds"
14,73,1000,48,24,4,4,1,0.0687300680729464,0.270849885317466,1.89064633051554,2310073,"result/fits/scenario_14_n1000_J24_K4/replicate_073.rds"
14,74,1000,48,24,4,4,0.957655114421287,0.0718592358474434,0.176161937026492,1.88791286150614,2310074,"result/fits/scenario_14_n1000_J24_K4/replicate_074.rds"
14,75,1000,48,24,4,4,0.966376535113867,0.068408279526431,0.21002683261298,1.87182164589564,2310075,"result/fits/scenario_14_n1000_J24_K4/replicate_075.rds"
14,76,1000,48,24,4,4,0.957655114421287,0.0758216240241067,0.23704206577598,1.87893846829732,2310076,"result/fits/scenario_14_n1000_J24_K4/replicate_076.rds"
14,77,1000,48,24,4,4,0.965867828612927,0.071040855538234,0.190900322864174,1.87680428425471,2310077,"result/fits/scenario_14_n1000_J24_K4/replicate_077.rds"
14,78,1000,48,24,4,4,1,0.069192523509757,0.291729305824215,1.87473875681559,2310078,"result/fits/scenario_14_n1000_J24_K4/replicate_078.rds"
14,79,1000,48,24,4,4,0.957655114421287,0.0723197628951603,0.282814671198928,1.87468523979187,2310079,"result/fits/scenario_14_n1000_J24_K4/replicate_079.rds"
14,80,1000,48,24,4,4,0.966376535113867,0.081128907355556,0.237996391489194,1.87371428807576,2310080,"result/fits/scenario_14_n1000_J24_K4/replicate_080.rds"
14,81,1000,48,24,4,4,0.957655114421287,0.0741257353614848,0.22406847840517,1.86995924313863,2310081,"result/fits/scenario_14_n1000_J24_K4/replicate_081.rds"
14,82,1000,48,24,4,4,0.966376535113867,0.0779683457146807,0.18584147865224,1.88488682905833,2310082,"result/fits/scenario_14_n1000_J24_K4/replicate_082.rds"
14,83,1000,48,24,4,4,0.914669571532317,0.0787213893904034,0.21200398883757,1.88600242137909,2310083,"result/fits/scenario_14_n1000_J24_K4/replicate_083.rds"
14,84,1000,48,24,4,4,1,0.0698456825215584,0.298918359566967,1.87993323008219,2310084,"result/fits/scenario_14_n1000_J24_K4/replicate_084.rds"
14,85,1000,48,24,4,4,1,0.0704356950510877,0.317932148358002,1.87593318223953,2310085,"result/fits/scenario_14_n1000_J24_K4/replicate_085.rds"
14,86,1000,48,24,4,4,0.957655114421287,0.0836932912999086,0.203635222529495,1.87310715516408,2310086,"result/fits/scenario_14_n1000_J24_K4/replicate_086.rds"
14,87,1000,48,24,4,4,0.957655114421287,0.0753871148199263,0.175337338292524,1.87407323122025,2310087,"result/fits/scenario_14_n1000_J24_K4/replicate_087.rds"
14,88,1000,48,24,4,4,0.888224891761693,0.0799033896164026,0.209001500004653,1.8670449813207,2310088,"result/fits/scenario_14_n1000_J24_K4/replicate_088.rds"
14,89,1000,48,24,4,4,0.957655114421287,0.0728271390235664,0.259020464561642,1.86528350114822,2310089,"result/fits/scenario_14_n1000_J24_K4/replicate_089.rds"
14,90,1000,48,24,4,4,1,0.0693657297512063,0.280577931658592,1.86750502983729,2310090,"result/fits/scenario_14_n1000_J24_K4/replicate_090.rds"
14,91,1000,48,24,4,4,0.922617232758095,0.0843916934032737,0.231466799281192,1.87562553485235,2310091,"result/fits/scenario_14_n1000_J24_K4/replicate_091.rds"
14,92,1000,48,24,4,4,0.966376535113867,0.0685238410205627,0.232777073231517,1.87704039414724,2310092,"result/fits/scenario_14_n1000_J24_K4/replicate_092.rds"
14,93,1000,48,24,4,4,0.966376535113867,0.0717304218253492,0.218363287325984,1.87396101156871,2310093,"result/fits/scenario_14_n1000_J24_K4/replicate_093.rds"
14,94,1000,48,24,4,4,1,0.0726475737819054,0.214611088750282,1.88438102404277,2310094,"result/fits/scenario_14_n1000_J24_K4/replicate_094.rds"
14,95,1000,48,24,4,4,0.922617232758095,0.085762696869142,0.211068826368276,1.88113113244375,2310095,"result/fits/scenario_14_n1000_J24_K4/replicate_095.rds"
14,96,1000,48,24,4,4,1,0.0727423723578932,0.245760875426704,1.87574332555135,2310096,"result/fits/scenario_14_n1000_J24_K4/replicate_096.rds"
14,97,1000,48,24,4,4,1,0.086466903801505,0.199352167153715,1.86676187912623,2310097,"result/fits/scenario_14_n1000_J24_K4/replicate_097.rds"
14,98,1000,48,24,4,4,1,0.0686401798238545,0.16962751005787,1.90145488182704,2310098,"result/fits/scenario_14_n1000_J24_K4/replicate_098.rds"
14,99,1000,48,24,4,4,0.922617232758095,0.0793450543858425,0.237979087100372,1.93254834016164,2310099,"result/fits/scenario_14_n1000_J24_K4/replicate_099.rds"
14,100,1000,48,24,4,4,0.922617232758095,0.0799642587881029,0.24369128014243,1.90129986604055,2310100,"result/fits/scenario_14_n1000_J24_K4/replicate_100.rds"
15,1,2000,48,24,4,4,1,0.0551181205433515,0.203336690983297,3.5907374103864,2410001,"result/fits/scenario_15_n2000_J24_K4/replicate_001.rds"
15,2,2000,48,24,4,4,0.957655114421287,0.0601591694214171,0.194788673952211,3.64013270537058,2410002,"result/fits/scenario_15_n2000_J24_K4/replicate_002.rds"
15,3,2000,48,24,4,4,1,0.0600535225101275,0.181750159821271,3.62427729765574,2410003,"result/fits/scenario_15_n2000_J24_K4/replicate_003.rds"
15,4,2000,48,24,4,4,1,0.0564851203095066,0.143294790867463,3.67081274986267,2410004,"result/fits/scenario_15_n2000_J24_K4/replicate_004.rds"
15,5,2000,48,24,4,4,1,0.0620176901101685,0.21921478247972,3.66076823472977,2410005,"result/fits/scenario_15_n2000_J24_K4/replicate_005.rds"
15,6,2000,48,24,4,4,1,0.0585783497209832,0.169720816328355,3.67115334669749,2410006,"result/fits/scenario_15_n2000_J24_K4/replicate_006.rds"
15,7,2000,48,24,4,4,0.966376535113867,0.0583701212106062,0.154303723313017,3.66425331433614,2410007,"result/fits/scenario_15_n2000_J24_K4/replicate_007.rds"
15,8,2000,48,24,4,4,1,0.057676587534349,0.156186493036311,3.67852495511373,2410008,"result/fits/scenario_15_n2000_J24_K4/replicate_008.rds"
15,9,2000,48,24,4,4,0.957655114421287,0.0496833215913261,0.207785564031311,3.67415976524353,2410009,"result/fits/scenario_15_n2000_J24_K4/replicate_009.rds"
15,10,2000,48,24,4,4,0.957655114421287,0.0654922128978963,0.187196687343203,3.66273471911748,2410010,"result/fits/scenario_15_n2000_J24_K4/replicate_010.rds"
15,11,2000,48,24,4,4,0.957655114421287,0.0614754751906365,0.244907023791554,3.65778551499049,2410011,"result/fits/scenario_15_n2000_J24_K4/replicate_011.rds"
15,12,2000,48,24,4,4,1,0.0528740872212632,0.182363154518122,3.65767068862915,2410012,"result/fits/scenario_15_n2000_J24_K4/replicate_012.rds"
15,13,2000,48,24,4,4,1,0.0544369506161245,0.205810688499129,3.85513986349106,2410013,"result/fits/scenario_15_n2000_J24_K4/replicate_013.rds"
15,14,2000,48,24,4,4,1,0.0595170027419618,0.158910737709261,3.86075562238693,2410014,"result/fits/scenario_15_n2000_J24_K4/replicate_014.rds"
15,15,2000,48,24,4,4,1,0.0548650288237345,0.14023447660296,3.84226665496826,2410015,"result/fits/scenario_15_n2000_J24_K4/replicate_015.rds"
15,16,2000,48,24,4,4,0.957655114421287,0.0687652746497284,0.203892519511738,3.66965465545654,2410016,"result/fits/scenario_15_n2000_J24_K4/replicate_016.rds"
15,17,2000,48,24,4,4,0.957655114421287,0.0562797970054328,0.198618732802252,3.87231490214666,2410017,"result/fits/scenario_15_n2000_J24_K4/replicate_017.rds"
15,18,2000,48,24,4,4,1,0.0625507781891568,0.135088953860339,3.83164304892222,2410018,"result/fits/scenario_15_n2000_J24_K4/replicate_018.rds"
15,19,2000,48,24,4,4,0.957655114421287,0.065063931327392,0.142487465257135,3.84746150573095,2410019,"result/fits/scenario_15_n2000_J24_K4/replicate_019.rds"
15,20,2000,48,24,4,4,0.931735657225853,0.0643108888804622,0.26682443170792,3.90714750687281,2410020,"result/fits/scenario_15_n2000_J24_K4/replicate_020.rds"
15,21,2000,48,24,4,4,1,0.0552299730319338,0.184088317846278,3.88507061799367,2410021,"result/fits/scenario_15_n2000_J24_K4/replicate_021.rds"
15,22,2000,48,24,4,4,0.957655114421287,0.0623356625988341,0.134252680243373,3.92212021350861,2410022,"result/fits/scenario_15_n2000_J24_K4/replicate_022.rds"
15,23,2000,48,24,4,4,0.966376535113867,0.0620719264241018,0.171136300436233,3.85992256800334,2410023,"result/fits/scenario_15_n2000_J24_K4/replicate_023.rds"
15,24,2000,48,24,4,4,1,0.058166463936151,0.166724072997793,3.85757419665654,2410024,"result/fits/scenario_15_n2000_J24_K4/replicate_024.rds"
15,25,2000,48,24,4,4,1,0.0599177891260032,0.180227142264739,3.84134499231974,2410025,"result/fits/scenario_15_n2000_J24_K4/replicate_025.rds"
15,26,2000,48,24,4,4,0.966376535113867,0.0615054868052593,0.184311841807531,3.89561202526093,2410026,"result/fits/scenario_15_n2000_J24_K4/replicate_026.rds"
15,27,2000,48,24,4,4,1,0.055514166854644,0.235388181012831,3.85412990649541,2410027,"result/fits/scenario_15_n2000_J24_K4/replicate_027.rds"
15,28,2000,48,24,4,4,1,0.0633170691205174,0.200787196669044,3.93020451466242,2410028,"result/fits/scenario_15_n2000_J24_K4/replicate_028.rds"
15,29,2000,48,24,4,4,1,0.0565264589162244,0.149381713509319,3.90481710036596,2410029,"result/fits/scenario_15_n2000_J24_K4/replicate_029.rds"
15,30,2000,48,24,4,4,1,0.062637211788908,0.18780909523758,3.90590877135595,2410030,"result/fits/scenario_15_n2000_J24_K4/replicate_030.rds"
15,31,2000,48,24,4,4,0.922617232758095,0.0636077684838027,0.153985478043075,3.91439805428187,2410031,"result/fits/scenario_15_n2000_J24_K4/replicate_031.rds"
15,32,2000,48,24,4,4,0.966376535113867,0.0552387105510783,0.200310438438462,3.91352392832438,2410032,"result/fits/scenario_15_n2000_J24_K4/replicate_032.rds"
15,33,2000,48,24,4,4,1,0.0542259837235479,0.142371290740867,3.96391011079152,2410033,"result/fits/scenario_15_n2000_J24_K4/replicate_033.rds"
15,34,2000,48,24,4,4,1,0.0581307957322154,0.151123145114962,3.91232010126114,2410034,"result/fits/scenario_15_n2000_J24_K4/replicate_034.rds"
15,35,2000,48,24,4,4,1,0.0566211691346714,0.155981173630687,3.93859087626139,2410035,"result/fits/scenario_15_n2000_J24_K4/replicate_035.rds"
15,36,2000,48,24,4,4,1,0.0550771064227865,0.188699182221547,3.96195300420125,2410036,"result/fits/scenario_15_n2000_J24_K4/replicate_036.rds"
15,37,2000,48,24,4,4,1,0.0548494195564987,0.125696075647326,3.92121248245239,2410037,"result/fits/scenario_15_n2000_J24_K4/replicate_037.rds"
15,38,2000,48,24,4,4,1,0.0643330719125827,0.179475123720241,3.92078224817912,2410038,"result/fits/scenario_15_n2000_J24_K4/replicate_038.rds"
15,39,2000,48,24,4,4,1,0.0593165702997515,0.18620159480115,3.67997353076935,2410039,"result/fits/scenario_15_n2000_J24_K4/replicate_039.rds"
15,40,2000,48,24,4,4,1,0.0584059931088611,0.170769298519398,3.94046875238419,2410040,"result/fits/scenario_15_n2000_J24_K4/replicate_040.rds"
15,41,2000,48,24,4,4,1,0.0578849241945865,0.144885419121884,3.97001182635625,2410041,"result/fits/scenario_15_n2000_J24_K4/replicate_041.rds"
15,42,2000,48,24,4,4,1,0.0537024511702638,0.156778063733969,3.94746107260386,2410042,"result/fits/scenario_15_n2000_J24_K4/replicate_042.rds"
15,43,2000,48,24,4,4,1,0.0549337981393545,0.151441715018862,3.95126581986745,2410043,"result/fits/scenario_15_n2000_J24_K4/replicate_043.rds"
15,44,2000,48,24,4,4,0.966376535113867,0.0666196417788198,0.192917145253397,3.96029818852743,2410044,"result/fits/scenario_15_n2000_J24_K4/replicate_044.rds"
15,45,2000,48,24,4,4,1,0.0585512637895317,0.185690155289743,3.94247131745021,2410045,"result/fits/scenario_15_n2000_J24_K4/replicate_045.rds"
15,46,2000,48,24,4,4,1,0.0502649626091652,0.155455864128073,3.95818175077438,2410046,"result/fits/scenario_15_n2000_J24_K4/replicate_046.rds"
15,47,2000,48,24,4,4,1,0.0594429225361184,0.228045930821965,3.95925309260686,2410047,"result/fits/scenario_15_n2000_J24_K4/replicate_047.rds"
15,48,2000,48,24,4,4,1,0.0605253967761687,0.155310120602559,3.67549831072489,2410048,"result/fits/scenario_15_n2000_J24_K4/replicate_048.rds"
15,49,2000,48,24,4,4,1,0.0542122670360419,0.192470624381646,3.67514704465866,2410049,"result/fits/scenario_15_n2000_J24_K4/replicate_049.rds"
15,50,2000,48,24,4,4,1,0.0615085957615998,0.126224240808659,3.65801384846369,2410050,"result/fits/scenario_15_n2000_J24_K4/replicate_050.rds"
15,51,2000,48,24,4,4,0.931735657225853,0.0635391482035747,0.175880866072284,3.66815714438756,2410051,"result/fits/scenario_15_n2000_J24_K4/replicate_051.rds"
15,52,2000,48,24,4,4,1,0.0562772632479154,0.147996113057069,3.68351388374964,2410052,"result/fits/scenario_15_n2000_J24_K4/replicate_052.rds"
15,53,2000,48,24,4,4,1,0.0533057867864576,0.191225679389812,3.67898397445679,2410053,"result/fits/scenario_15_n2000_J24_K4/replicate_053.rds"
15,54,2000,48,24,4,4,1,0.0618067424478151,0.202467528066412,3.67896764278412,2410054,"result/fits/scenario_15_n2000_J24_K4/replicate_054.rds"
15,55,2000,48,24,4,4,1,0.0596756171360051,0.172841743065085,3.67723158200582,2410055,"result/fits/scenario_15_n2000_J24_K4/replicate_055.rds"
15,56,2000,48,24,4,4,1,0.05834583780581,0.210930580840969,3.64571191469828,2410056,"result/fits/scenario_15_n2000_J24_K4/replicate_056.rds"
15,57,2000,48,24,4,4,0.966376535113867,0.0655716812590237,0.234242228808228,3.64757711092631,2410057,"result/fits/scenario_15_n2000_J24_K4/replicate_057.rds"
15,58,2000,48,24,4,4,1,0.0542530363744191,0.181456900017822,3.67823342879613,2410058,"result/fits/scenario_15_n2000_J24_K4/replicate_058.rds"
15,59,2000,48,24,4,4,0.957655114421287,0.0614331514280899,0.147854275693982,3.69869283437729,2410059,"result/fits/scenario_15_n2000_J24_K4/replicate_059.rds"
15,60,2000,48,24,4,4,1,0.0534233171274488,0.143017053843289,3.67555869023005,2410060,"result/fits/scenario_15_n2000_J24_K4/replicate_060.rds"
15,61,2000,48,24,4,4,0.966376535113867,0.0576102827093602,0.185160572641606,3.64353881279627,2410061,"result/fits/scenario_15_n2000_J24_K4/replicate_061.rds"
15,62,2000,48,24,4,4,0.966376535113867,0.0624815100271469,0.224970280278767,3.96293495893478,2410062,"result/fits/scenario_15_n2000_J24_K4/replicate_062.rds"
15,63,2000,48,24,4,4,1,0.0559332351161256,0.18616432950946,3.93465547561645,2410063,"result/fits/scenario_15_n2000_J24_K4/replicate_063.rds"
15,64,2000,48,24,4,4,1,0.0607705897165789,0.187312989549008,3.95219677289327,2410064,"result/fits/scenario_15_n2000_J24_K4/replicate_064.rds"
15,65,2000,48,24,4,4,1,0.0580073052207035,0.169849104963888,3.96458255052567,2410065,"result/fits/scenario_15_n2000_J24_K4/replicate_065.rds"
15,66,2000,48,24,4,4,1,0.0534610949645015,0.164664106767669,3.96938573916753,2410066,"result/fits/scenario_15_n2000_J24_K4/replicate_066.rds"
15,67,2000,48,24,4,4,1,0.0577053070885851,0.156206026957361,3.95901582241058,2410067,"result/fits/scenario_15_n2000_J24_K4/replicate_067.rds"
15,68,2000,48,24,4,4,0.957655114421287,0.0582651030050873,0.119075175455075,3.96452744404475,2410068,"result/fits/scenario_15_n2000_J24_K4/replicate_068.rds"
15,69,2000,48,24,4,4,1,0.0554320920974499,0.142422058673322,3.93474825223287,2410069,"result/fits/scenario_15_n2000_J24_K4/replicate_069.rds"
15,70,2000,48,24,4,4,1,0.0695260934056711,0.21063964814929,3.94013905922572,2410070,"result/fits/scenario_15_n2000_J24_K4/replicate_070.rds"
15,71,2000,48,24,4,4,1,0.055361385184903,0.205411414482602,3.95558654467265,2410071,"result/fits/scenario_15_n2000_J24_K4/replicate_071.rds"
15,72,2000,48,24,4,4,1,0.0638347596952593,0.170776870452538,3.95454816818237,2410072,"result/fits/scenario_15_n2000_J24_K4/replicate_072.rds"
15,73,2000,48,24,4,4,0.966376535113867,0.058417019777954,0.142590184842501,3.78481998443604,2410073,"result/fits/scenario_15_n2000_J24_K4/replicate_073.rds"
15,74,2000,48,24,4,4,0.957655114421287,0.0552418523121043,0.173053225805275,3.78693859179815,2410074,"result/fits/scenario_15_n2000_J24_K4/replicate_074.rds"
15,75,2000,48,24,4,4,0.966376535113867,0.0621613301427974,0.185644088649954,3.9735434293747,2410075,"result/fits/scenario_15_n2000_J24_K4/replicate_075.rds"
15,76,2000,48,24,4,4,1,0.0598203972171202,0.160913268367682,3.6464585185051,2410076,"result/fits/scenario_15_n2000_J24_K4/replicate_076.rds"
15,77,2000,48,24,4,4,1,0.0593789141219253,0.188756945267662,3.64620054960251,2410077,"result/fits/scenario_15_n2000_J24_K4/replicate_077.rds"
15,78,2000,48,24,4,4,1,0.0525192282556687,0.176535137722703,3.65818458398183,2410078,"result/fits/scenario_15_n2000_J24_K4/replicate_078.rds"
15,79,2000,48,24,4,4,1,0.0554132074903844,0.20025544465928,3.7770894964536,2410079,"result/fits/scenario_15_n2000_J24_K4/replicate_079.rds"
15,80,2000,48,24,4,4,0.957655114421287,0.0607276443346185,0.183447788770802,3.79183596372604,2410080,"result/fits/scenario_15_n2000_J24_K4/replicate_080.rds"
15,81,2000,48,24,4,4,1,0.0641760384799227,0.13483728892981,3.78414074579875,2410081,"result/fits/scenario_15_n2000_J24_K4/replicate_081.rds"
15,82,2000,48,24,4,4,0.957655114421287,0.0574784426202042,0.156574793806848,3.78608035246531,2410082,"result/fits/scenario_15_n2000_J24_K4/replicate_082.rds"
15,83,2000,48,24,4,4,0.931735657225853,0.060925707110582,0.20820146642559,3.79597684144974,2410083,"result/fits/scenario_15_n2000_J24_K4/replicate_083.rds"
15,84,2000,48,24,4,4,1,0.0565618905610666,0.176548431578487,3.77349546353022,2410084,"result/fits/scenario_15_n2000_J24_K4/replicate_084.rds"
15,85,2000,48,24,4,4,1,0.0638246064834155,0.189280738732368,3.78053232828776,2410085,"result/fits/scenario_15_n2000_J24_K4/replicate_085.rds"
15,86,2000,48,24,4,4,1,0.064307365444283,0.14870870309793,3.76144498586655,2410086,"result/fits/scenario_15_n2000_J24_K4/replicate_086.rds"
15,87,2000,48,24,4,4,1,0.0541356144614944,0.160238595903035,3.76769181489944,2410087,"result/fits/scenario_15_n2000_J24_K4/replicate_087.rds"
15,88,2000,48,24,4,4,1,0.0571690986622147,0.202379647627643,3.755686100324,2410088,"result/fits/scenario_15_n2000_J24_K4/replicate_088.rds"
15,89,2000,48,24,4,4,1,0.0611646427980256,0.154041173243965,3.78132961591085,2410089,"result/fits/scenario_15_n2000_J24_K4/replicate_089.rds"
15,90,2000,48,24,4,4,0.957655114421287,0.066579213737592,0.168796999590705,3.76836977799733,2410090,"result/fits/scenario_15_n2000_J24_K4/replicate_090.rds"
15,91,2000,48,24,4,4,0.966376535113867,0.0603870691277339,0.224434972852435,3.75453594923019,2410091,"result/fits/scenario_15_n2000_J24_K4/replicate_091.rds"
15,92,2000,48,24,4,4,1,0.058385565734443,0.212333296709295,3.76307820479075,2410092,"result/fits/scenario_15_n2000_J24_K4/replicate_092.rds"
15,93,2000,48,24,4,4,0.914669571532317,0.0573153128081801,0.141763060067661,3.75228902101517,2410093,"result/fits/scenario_15_n2000_J24_K4/replicate_093.rds"
15,94,2000,48,24,4,4,1,0.0587970888326514,0.159917246238857,3.73270728588104,2410094,"result/fits/scenario_15_n2000_J24_K4/replicate_094.rds"
15,95,2000,48,24,4,4,1,0.0604903403118349,0.195596341107721,3.67231728633245,2410095,"result/fits/scenario_15_n2000_J24_K4/replicate_095.rds"
15,96,2000,48,24,4,4,1,0.0593405353731413,0.171464350333004,3.72016795873642,2410096,"result/fits/scenario_15_n2000_J24_K4/replicate_096.rds"
15,97,2000,48,24,4,4,0.939813403256296,0.0585820615131553,0.19311324968439,3.98757995764414,2410097,"result/fits/scenario_15_n2000_J24_K4/replicate_097.rds"
15,98,2000,48,24,4,4,0.957655114421287,0.0614979110177663,0.136555658384005,3.63850886027018,2410098,"result/fits/scenario_15_n2000_J24_K4/replicate_098.rds"
15,99,2000,48,24,4,4,1,0.0542098367974617,0.130297246236953,3.66535880565643,2410099,"result/fits/scenario_15_n2000_J24_K4/replicate_099.rds"
15,100,2000,48,24,4,4,1,0.0481492109564692,0.205672094842973,3.69754540125529,2410100,"result/fits/scenario_15_n2000_J24_K4/replicate_100.rds"
16,1,500,72,36,4,4,0.971737276087575,0.0857372361987566,0.336495597391832,1.33470163742701,2510001,"result/fits/scenario_16_n500_J36_K4/replicate_001.rds"
16,2,500,72,36,4,4,0.942432432432432,0.106952419996445,0.245768105147751,1.30312811930974,2510002,"result/fits/scenario_16_n500_J36_K4/replicate_002.rds"
16,3,500,72,36,4,4,0.881365372374284,0.0996381101429687,0.317767329728526,1.33163326183955,2510003,"result/fits/scenario_16_n500_J36_K4/replicate_003.rds"
16,4,500,72,36,4,4,0.912682764948172,0.100280650002324,0.216219847319947,1.33121840556463,2510004,"result/fits/scenario_16_n500_J36_K4/replicate_004.rds"
16,5,500,72,36,4,4,0.938547056221269,0.0885037296905974,0.259612268218507,1.32812688350677,2510005,"result/fits/scenario_16_n500_J36_K4/replicate_005.rds"
16,6,500,72,36,4,4,0.938092193222112,0.0932563377606178,0.241941359976996,1.33279137611389,2510006,"result/fits/scenario_16_n500_J36_K4/replicate_006.rds"
16,7,500,72,36,4,4,0.886035313001605,0.0938936021187671,0.200504320947634,1.37315545876821,2510007,"result/fits/scenario_16_n500_J36_K4/replicate_007.rds"
16,8,500,72,36,4,4,0.889839274347549,0.0998535982285205,0.29300685220847,1.3790962100029,2510008,"result/fits/scenario_16_n500_J36_K4/replicate_008.rds"
16,9,500,72,36,4,4,0.938547056221269,0.112160078182387,0.30321847449839,1.3730989019076,2510009,"result/fits/scenario_16_n500_J36_K4/replicate_009.rds"
16,10,500,72,36,4,4,0.967582375770489,0.0914121573720336,0.296026546099183,1.36934661865234,2510010,"result/fits/scenario_16_n500_J36_K4/replicate_010.rds"
16,11,500,72,36,4,4,0.971737276087575,0.10135912727395,0.265638475278843,1.37100590070089,2510011,"result/fits/scenario_16_n500_J36_K4/replicate_011.rds"
16,12,500,72,36,4,4,0.901312741312741,0.0934873536328495,0.228882692921638,1.37007321119308,2510012,"result/fits/scenario_16_n500_J36_K4/replicate_012.rds"
16,13,500,72,36,4,4,0.912026747959485,0.088968919106502,0.258108263582258,1.37765748898188,2510013,"result/fits/scenario_16_n500_J36_K4/replicate_013.rds"
16,14,500,72,36,4,4,0.892294527208371,0.110083046313414,0.309273438038353,1.42749295632044,2510014,"result/fits/scenario_16_n500_J36_K4/replicate_014.rds"
16,15,500,72,36,4,4,0.913329070510957,0.0895560332603072,0.245486973985847,1.42232277790705,2510015,"result/fits/scenario_16_n500_J36_K4/replicate_015.rds"
16,16,500,72,36,4,4,0.963128233732761,0.0972774737156022,0.206581929982919,1.4224126180013,2510016,"result/fits/scenario_16_n500_J36_K4/replicate_016.rds"
16,17,500,72,36,4,4,0.912682764948172,0.0944705300703161,0.260707767853307,1.42301814158758,2510017,"result/fits/scenario_16_n500_J36_K4/replicate_017.rds"
16,18,500,72,36,4,4,0.947129245985527,0.0839120410297705,0.221854043243784,1.4216624935468,2510018,"result/fits/scenario_16_n500_J36_K4/replicate_018.rds"
16,19,500,72,36,4,4,0.846301864101022,0.101287591463822,0.289474472855092,1.4193488518397,2510019,"result/fits/scenario_16_n500_J36_K4/replicate_019.rds"
16,20,500,72,36,4,4,0.938547056221269,0.0889548752968597,0.260235240324761,1.42337696154912,2510020,"result/fits/scenario_16_n500_J36_K4/replicate_020.rds"
16,21,500,72,36,4,4,0.938547056221269,0.0973283665723169,0.281651228994182,1.43093622525533,2510021,"result/fits/scenario_16_n500_J36_K4/replicate_021.rds"
16,22,500,72,36,4,4,0.844999508309568,0.101294838624522,0.186790256543335,1.32951953411102,2510022,"result/fits/scenario_16_n500_J36_K4/replicate_022.rds"
16,23,500,72,36,4,4,0.908182459440395,0.105893097490672,0.262435291057881,1.32889108657837,2510023,"result/fits/scenario_16_n500_J36_K4/replicate_023.rds"
16,24,500,72,36,4,4,0.967582375770489,0.0885243589044162,0.227525353495022,1.32693043549856,2510024,"result/fits/scenario_16_n500_J36_K4/replicate_024.rds"
16,25,500,72,36,4,4,0.930353330384105,0.106003493204469,0.27631321595667,1.33230386177699,2510025,"result/fits/scenario_16_n500_J36_K4/replicate_025.rds"
16,26,500,72,36,4,4,0.81357415658816,0.0987550272219789,0.324174189029341,1.33193703492482,2510026,"result/fits/scenario_16_n500_J36_K4/replicate_026.rds"
16,27,500,72,36,4,4,0.878513128134527,0.102448291613303,0.336810127414986,1.33027468125025,2510027,"result/fits/scenario_16_n500_J36_K4/replicate_027.rds"
16,28,500,72,36,4,4,0.938995283829454,0.0932232822327762,0.311638041434589,1.33009626865387,2510028,"result/fits/scenario_16_n500_J36_K4/replicate_028.rds"
16,29,500,72,36,4,4,0.967582375770489,0.0994488833822577,0.223775428636816,1.40211048126221,2510029,"result/fits/scenario_16_n500_J36_K4/replicate_029.rds"
16,30,500,72,36,4,4,0.857030046985431,0.0924445348937929,0.280563754089654,1.37204524278641,2510030,"result/fits/scenario_16_n500_J36_K4/replicate_030.rds"
16,31,500,72,36,4,4,0.947129245985527,0.0944262936250893,0.345248225817527,1.36853055159251,2510031,"result/fits/scenario_16_n500_J36_K4/replicate_031.rds"
16,32,500,72,36,4,4,0.995991493686132,0.0967248284563225,0.224991031006385,1.37517103354136,2510032,"result/fits/scenario_16_n500_J36_K4/replicate_032.rds"
16,33,500,72,36,4,4,0.934208494208494,0.0855327798495547,0.269097374658457,1.3432555993398,2510033,"result/fits/scenario_16_n500_J36_K4/replicate_033.rds"
16,34,500,72,36,4,4,0.857030046985431,0.0978793817176052,0.265839236481969,1.33317368825277,2510034,"result/fits/scenario_16_n500_J36_K4/replicate_034.rds"
16,35,500,72,36,4,4,0.876659811106008,0.101688220314243,0.187497572608284,1.3291130065918,2510035,"result/fits/scenario_16_n500_J36_K4/replicate_035.rds"
16,36,500,72,36,4,4,0.663024447866349,0.101997095164487,0.23791061954012,1.33288743098577,2510036,"result/fits/scenario_16_n500_J36_K4/replicate_036.rds"
16,37,500,72,36,4,4,0.967582375770489,0.0896393230282765,0.314864420331843,1.33259549538294,2510037,"result/fits/scenario_16_n500_J36_K4/replicate_037.rds"
16,38,500,72,36,4,4,0.89148836115683,0.10136626927182,0.26127172730004,1.37175024747849,2510038,"result/fits/scenario_16_n500_J36_K4/replicate_038.rds"
16,39,500,72,36,4,4,0.933719709051305,0.0871866069749776,0.301550160261507,1.36238096952438,2510039,"result/fits/scenario_16_n500_J36_K4/replicate_039.rds"
16,40,500,72,36,4,4,0.971737276087575,0.0875201605143093,0.266401437807213,1.36578179597855,2510040,"result/fits/scenario_16_n500_J36_K4/replicate_040.rds"
16,41,500,72,36,4,4,0.971737276087575,0.0939026000953374,0.293905683823744,1.37106884717941,2510041,"result/fits/scenario_16_n500_J36_K4/replicate_041.rds"
16,42,500,72,36,4,4,0.873850041457733,0.10065174065236,0.310855799414767,1.37141092618306,2510042,"result/fits/scenario_16_n500_J36_K4/replicate_042.rds"
16,43,500,72,36,4,4,0.967582375770489,0.103543971625242,0.306225682292995,1.29001874923706,2510043,"result/fits/scenario_16_n500_J36_K4/replicate_043.rds"
16,44,500,72,36,4,4,0.971737276087575,0.0840380197219022,0.25176116974603,1.28684430122375,2510044,"result/fits/scenario_16_n500_J36_K4/replicate_044.rds"
16,45,500,72,36,4,4,0.963397170297672,0.103713787232578,0.286555736861024,1.36935739517212,2510045,"result/fits/scenario_16_n500_J36_K4/replicate_045.rds"
16,46,500,72,36,4,4,0.883141312015048,0.0923774578708629,0.313576438053051,1.36575047969818,2510046,"result/fits/scenario_16_n500_J36_K4/replicate_046.rds"
16,47,500,72,36,4,4,0.883141312015048,0.07802209520266,0.203198269180678,1.36331568161647,2510047,"result/fits/scenario_16_n500_J36_K4/replicate_047.rds"
16,48,500,72,36,4,4,0.967345061515465,0.0959518555144178,0.262107361930412,1.33599859476089,2510048,"result/fits/scenario_16_n500_J36_K4/replicate_048.rds"
16,49,500,72,36,4,4,0.995991493686132,0.0925776003114711,0.210627362073909,1.33481727441152,2510049,"result/fits/scenario_16_n500_J36_K4/replicate_049.rds"
16,50,500,72,36,4,4,0.929837818985061,0.0957373381705709,0.262926609353846,1.33687468767166,2510050,"result/fits/scenario_16_n500_J36_K4/replicate_050.rds"
16,51,500,72,36,4,4,0.852267998335414,0.100608357740889,0.275646111934782,1.34402105013529,2510051,"result/fits/scenario_16_n500_J36_K4/replicate_051.rds"
16,52,500,72,36,4,4,0.852267998335414,0.0968447979261384,0.266350172723728,1.34765293995539,2510052,"result/fits/scenario_16_n500_J36_K4/replicate_052.rds"
16,53,500,72,36,4,4,0.870134723178287,0.100585983904655,0.213792556540428,1.34909841219584,2510053,"result/fits/scenario_16_n500_J36_K4/replicate_053.rds"
16,54,500,72,36,4,4,0.963397170297672,0.0944841276007777,0.2466281531127,1.35028224786123,2510054,"result/fits/scenario_16_n500_J36_K4/replicate_054.rds"
16,55,500,72,36,4,4,0.908864599945544,0.0864325511029674,0.173243219460452,1.34381978114446,2510055,"result/fits/scenario_16_n500_J36_K4/replicate_055.rds"
16,56,500,72,36,4,4,0.913329070510957,0.100835091791048,0.218111879445293,1.43800669908524,2510056,"result/fits/scenario_16_n500_J36_K4/replicate_056.rds"
16,57,500,72,36,4,4,0.912682764948172,0.0978318932807177,0.29187684107408,1.4459787329038,2510057,"result/fits/scenario_16_n500_J36_K4/replicate_057.rds"
16,58,500,72,36,4,4,0.912682764948172,0.0932395376983125,0.288646842004929,1.44999648332596,2510058,"result/fits/scenario_16_n500_J36_K4/replicate_058.rds"
16,59,500,72,36,4,4,0.908864599945544,0.0984216118296163,0.226697131600732,1.44697210788727,2510059,"result/fits/scenario_16_n500_J36_K4/replicate_059.rds"
16,60,500,72,36,4,4,0.995991493686132,0.0960568159392365,0.246395227807206,1.44277042150497,2510060,"result/fits/scenario_16_n500_J36_K4/replicate_060.rds"
16,61,500,72,36,4,4,0.971737276087575,0.0913605519652448,0.328140581653401,1.44660289684931,2510061,"result/fits/scenario_16_n500_J36_K4/replicate_061.rds"
16,62,500,72,36,4,4,0.917760617760618,0.0947379928934086,0.253423152796702,1.44918677806854,2510062,"result/fits/scenario_16_n500_J36_K4/replicate_062.rds"
16,63,500,72,36,4,4,0.959477969713112,0.0961863589488778,0.314744349591396,1.44093730449677,2510063,"result/fits/scenario_16_n500_J36_K4/replicate_063.rds"
16,64,500,72,36,4,4,0.917149636314131,0.0939081563703519,0.315988396639324,1.3560129960378,2510064,"result/fits/scenario_16_n500_J36_K4/replicate_064.rds"
16,65,500,72,36,4,4,0.971737276087575,0.0949961457027,0.358770535713659,1.35737507343292,2510065,"result/fits/scenario_16_n500_J36_K4/replicate_065.rds"
16,66,500,72,36,4,4,0.886035313001605,0.109432817728313,0.239867783620954,1.36256708304087,2510066,"result/fits/scenario_16_n500_J36_K4/replicate_066.rds"
16,67,500,72,36,4,4,0.881365372374284,0.0909516969093562,0.260901457386701,1.37361420790354,2510067,"result/fits/scenario_16_n500_J36_K4/replicate_067.rds"
16,68,500,72,36,4,4,0.942853857652064,0.10051705965299,0.247749632059704,1.36403794686,2510068,"result/fits/scenario_16_n500_J36_K4/replicate_068.rds"
16,69,500,72,36,4,4,0.903648343003245,0.106094781576317,0.283229405268389,1.36179115772247,2510069,"result/fits/scenario_16_n500_J36_K4/replicate_069.rds"
16,70,500,72,36,4,4,0.938547056221269,0.0919071372398726,0.327213180299016,1.35871747732162,2510070,"result/fits/scenario_16_n500_J36_K4/replicate_070.rds"
16,71,500,72,36,4,4,0.867140183907121,0.107918596680643,0.259661213320369,1.36142971515656,2510071,"result/fits/scenario_16_n500_J36_K4/replicate_071.rds"
16,72,500,72,36,4,4,0.913329070510957,0.0975822973859491,0.193053142356509,1.36201628843943,2510072,"result/fits/scenario_16_n500_J36_K4/replicate_072.rds"
16,73,500,72,36,4,4,0.987887404037532,0.106459142303897,0.245872002935793,1.36863327026367,2510073,"result/fits/scenario_16_n500_J36_K4/replicate_073.rds"
16,74,500,72,36,4,4,0.971737276087575,0.0889115002486703,0.300529675524774,1.39369524717331,2510074,"result/fits/scenario_16_n500_J36_K4/replicate_074.rds"
16,75,500,72,36,4,4,0.815710577677619,0.08808480743481,0.325669539069008,1.41312345663706,2510075,"result/fits/scenario_16_n500_J36_K4/replicate_075.rds"
16,76,500,72,36,4,4,0.878513128134527,0.104388306126036,0.235501107610538,1.36315172513326,2510076,"result/fits/scenario_16_n500_J36_K4/replicate_076.rds"
16,77,500,72,36,4,4,0.896050910652586,0.0924725560611588,0.224306962685244,1.35808957417806,2510077,"result/fits/scenario_16_n500_J36_K4/replicate_077.rds"
16,78,500,72,36,4,4,0.912682764948172,0.103035192805891,0.300674411368238,1.36087814966838,2510078,"result/fits/scenario_16_n500_J36_K4/replicate_078.rds"
16,79,500,72,36,4,4,0.942853857652064,0.100374790349148,0.256150822566657,1.35979048808416,2510079,"result/fits/scenario_16_n500_J36_K4/replicate_079.rds"
16,80,500,72,36,4,4,0.938547056221269,0.110211986778716,0.209869737419099,1.36474008162816,2510080,"result/fits/scenario_16_n500_J36_K4/replicate_080.rds"
16,81,500,72,36,4,4,0.991954066407283,0.0928680203468552,0.209922003070017,1.35484537680944,2510081,"result/fits/scenario_16_n500_J36_K4/replicate_081.rds"
16,82,500,72,36,4,4,0.917760617760618,0.0909399670742972,0.275268011056869,1.36124727328618,2510082,"result/fits/scenario_16_n500_J36_K4/replicate_082.rds"
16,83,500,72,36,4,4,0.963397170297672,0.0928783266290528,0.22210491626483,1.35836612780889,2510083,"result/fits/scenario_16_n500_J36_K4/replicate_083.rds"
16,84,500,72,36,4,4,0.921583444748009,0.0983052388376874,0.267173835569072,1.25889703830083,2510084,"result/fits/scenario_16_n500_J36_K4/replicate_084.rds"
16,85,500,72,36,4,4,0.908864599945544,0.0924030300728575,0.184163018301042,1.28597062428792,2510085,"result/fits/scenario_16_n500_J36_K4/replicate_085.rds"
16,86,500,72,36,4,4,0.963397170297672,0.100073282407631,0.253995386560811,1.42790559132894,2510086,"result/fits/scenario_16_n500_J36_K4/replicate_086.rds"
16,87,500,72,36,4,4,0.942853857652064,0.0963412158632476,0.292311308394787,1.35020095904668,2510087,"result/fits/scenario_16_n500_J36_K4/replicate_087.rds"
16,88,500,72,36,4,4,0.865440044221582,0.108724218491493,0.250616556396468,1.37183920939763,2510088,"result/fits/scenario_16_n500_J36_K4/replicate_088.rds"
16,89,500,72,36,4,4,0.967582375770489,0.0879783471722884,0.29944197379919,1.36928534507751,2510089,"result/fits/scenario_16_n500_J36_K4/replicate_089.rds"
16,90,500,72,36,4,4,0.886035313001605,0.107479918178195,0.217947411516598,1.37113512357076,2510090,"result/fits/scenario_16_n500_J36_K4/replicate_090.rds"
16,91,500,72,36,4,4,0.917760617760618,0.0968747457173252,0.295626036911095,1.36700587670008,2510091,"result/fits/scenario_16_n500_J36_K4/replicate_091.rds"
16,92,500,72,36,4,4,0.917760617760618,0.0915665491147636,0.277827817959246,1.34686193466187,2510092,"result/fits/scenario_16_n500_J36_K4/replicate_092.rds"
16,93,500,72,36,4,4,0.942853857652064,0.0976763529778934,0.163652947125547,1.346679631869,2510093,"result/fits/scenario_16_n500_J36_K4/replicate_093.rds"
16,94,500,72,36,4,4,0.855943666454488,0.106763740699471,0.273616308486839,1.34664865732193,2510094,"result/fits/scenario_16_n500_J36_K4/replicate_094.rds"
16,95,500,72,36,4,4,0.934208494208494,0.0979952938186245,0.206456061372852,1.34326028823853,2510095,"result/fits/scenario_16_n500_J36_K4/replicate_095.rds"
16,96,500,72,36,4,4,0.938547056221269,0.0929951690342521,0.249568439929449,1.36808877388636,2510096,"result/fits/scenario_16_n500_J36_K4/replicate_096.rds"
16,97,500,72,36,4,4,0.963128233732761,0.0894599980899803,0.312793496143884,1.34243806203206,2510097,"result/fits/scenario_16_n500_J36_K4/replicate_097.rds"
16,98,500,72,36,4,4,0.942853857652064,0.0944060683791872,0.267994944117308,1.34386100769043,2510098,"result/fits/scenario_16_n500_J36_K4/replicate_098.rds"
16,99,500,72,36,4,4,0.908864599945544,0.0941987672096737,0.277133746959153,1.3462925195694,2510099,"result/fits/scenario_16_n500_J36_K4/replicate_099.rds"
16,100,500,72,36,4,4,0.851141151334838,0.097332269602822,0.316959808535583,2.43808461427689,2510100,"result/fits/scenario_16_n500_J36_K4/replicate_100.rds"
17,1,1000,72,36,4,4,0.995991493686132,0.0795111047140873,0.165508940018123,2.60338833729426,2610001,"result/fits/scenario_17_n1000_J36_K4/replicate_001.rds"
17,2,1000,72,36,4,4,0.884009490839784,0.0732812614069964,0.145638268588937,2.60339587926865,2610002,"result/fits/scenario_17_n1000_J36_K4/replicate_002.rds"
17,3,1000,72,36,4,4,0.995991493686132,0.0682181205971461,0.222376485857661,2.66755645275116,2610003,"result/fits/scenario_17_n1000_J36_K4/replicate_003.rds"
17,4,1000,72,36,4,4,0.971737276087575,0.072506379470587,0.209563586850235,2.66474029223124,2610004,"result/fits/scenario_17_n1000_J36_K4/replicate_004.rds"
17,5,1000,72,36,4,4,0.995991493686132,0.0788444369491999,0.207490256382177,2.66669925848643,2610005,"result/fits/scenario_17_n1000_J36_K4/replicate_005.rds"
17,6,1000,72,36,4,4,0.9552632081416,0.0787520219953622,0.216187932518785,2.666188788414,2610006,"result/fits/scenario_17_n1000_J36_K4/replicate_006.rds"
17,7,1000,72,36,4,4,0.971737276087575,0.0695785385538092,0.197886489348957,2.6638814330101,2610007,"result/fits/scenario_17_n1000_J36_K4/replicate_007.rds"
17,8,1000,72,36,4,4,0.93469012303093,0.078039578121266,0.218098006258378,2.66945283015569,2610008,"result/fits/scenario_17_n1000_J36_K4/replicate_008.rds"
17,9,1000,72,36,4,4,0.942853857652064,0.0739792242635199,0.215262262425834,2.66750065883001,2610009,"result/fits/scenario_17_n1000_J36_K4/replicate_009.rds"
17,10,1000,72,36,4,4,1,0.0695929575369083,0.200759104114958,2.67524616718292,2610010,"result/fits/scenario_17_n1000_J36_K4/replicate_010.rds"
17,11,1000,72,36,4,4,0.942853857652064,0.0722783069218606,0.175454219968931,2.65853699445724,2610011,"result/fits/scenario_17_n1000_J36_K4/replicate_011.rds"
17,12,1000,72,36,4,4,1,0.0669842457645803,0.16356307302017,2.66678407589595,2610012,"result/fits/scenario_17_n1000_J36_K4/replicate_012.rds"
17,13,1000,72,36,4,4,0.971737276087575,0.0684261018670615,0.203462879981046,2.67486632664998,2610013,"result/fits/scenario_17_n1000_J36_K4/replicate_013.rds"
17,14,1000,72,36,4,4,0.995991493686132,0.0653243161874658,0.243937488874456,2.60549987951914,2610014,"result/fits/scenario_17_n1000_J36_K4/replicate_014.rds"
17,15,1000,72,36,4,4,0.967582375770489,0.0695740821364479,0.175001106513388,2.61057095527649,2610015,"result/fits/scenario_17_n1000_J36_K4/replicate_015.rds"
17,16,1000,72,36,4,4,1,0.0669088015856349,0.19281213078276,2.62077816327413,2610016,"result/fits/scenario_17_n1000_J36_K4/replicate_016.rds"
17,17,1000,72,36,4,4,0.942853857652064,0.0675577392471741,0.201717078318951,2.76318520307541,2610017,"result/fits/scenario_17_n1000_J36_K4/replicate_017.rds"
17,18,1000,72,36,4,4,0.963397170297672,0.0779630735486179,0.246857206906842,2.74880085388819,2610018,"result/fits/scenario_17_n1000_J36_K4/replicate_018.rds"
17,19,1000,72,36,4,4,0.967582375770489,0.0707720340447074,0.183632198261082,2.75203948815664,2610019,"result/fits/scenario_17_n1000_J36_K4/replicate_019.rds"
17,20,1000,72,36,4,4,0.971737276087575,0.0670873714738175,0.195690513160207,2.76910308996836,2610020,"result/fits/scenario_17_n1000_J36_K4/replicate_020.rds"
17,21,1000,72,36,4,4,0.942853857652064,0.0727731667674153,0.212833010463863,2.67913514773051,2610021,"result/fits/scenario_17_n1000_J36_K4/replicate_021.rds"
17,22,1000,72,36,4,4,1,0.0633724536472029,0.222990174959501,2.67206618388494,2610022,"result/fits/scenario_17_n1000_J36_K4/replicate_022.rds"
17,23,1000,72,36,4,4,1,0.0703605151471042,0.157817589711016,2.6756701985995,2610023,"result/fits/scenario_17_n1000_J36_K4/replicate_023.rds"
17,24,1000,72,36,4,4,0.971737276087575,0.067761717167069,0.183580201036339,2.68700847228368,2610024,"result/fits/scenario_17_n1000_J36_K4/replicate_024.rds"
17,25,1000,72,36,4,4,0.971737276087575,0.0730700493610806,0.196685067683694,2.67640040715535,2610025,"result/fits/scenario_17_n1000_J36_K4/replicate_025.rds"
17,26,1000,72,36,4,4,0.942853857652064,0.0675244537588784,0.177702899041598,2.60691379308701,2610026,"result/fits/scenario_17_n1000_J36_K4/replicate_026.rds"
17,27,1000,72,36,4,4,0.995991493686132,0.0678837799562938,0.274474057805572,2.61163013776143,2610027,"result/fits/scenario_17_n1000_J36_K4/replicate_027.rds"
17,28,1000,72,36,4,4,0.942853857652064,0.0681911787951083,0.159538177466869,2.60948942104975,2610028,"result/fits/scenario_17_n1000_J36_K4/replicate_028.rds"
17,29,1000,72,36,4,4,1,0.0686561281549374,0.233006812974205,2.61663799683253,2610029,"result/fits/scenario_17_n1000_J36_K4/replicate_029.rds"
17,30,1000,72,36,4,4,1,0.0763512885485044,0.252380532157085,2.60648225148519,2610030,"result/fits/scenario_17_n1000_J36_K4/replicate_030.rds"
17,31,1000,72,36,4,4,0.971737276087575,0.0680088825273783,0.167509030653087,2.60049168666204,2610031,"result/fits/scenario_17_n1000_J36_K4/replicate_031.rds"
17,32,1000,72,36,4,4,0.942853857652064,0.0727373726264164,0.192090543759127,2.60988095998764,2610032,"result/fits/scenario_17_n1000_J36_K4/replicate_032.rds"
17,33,1000,72,36,4,4,1,0.0752384412626018,0.192362249607536,2.654103688399,2610033,"result/fits/scenario_17_n1000_J36_K4/replicate_033.rds"
17,34,1000,72,36,4,4,0.9552632081416,0.0751613440611234,0.236156102008344,2.6659458955129,2610034,"result/fits/scenario_17_n1000_J36_K4/replicate_034.rds"
17,35,1000,72,36,4,4,0.991954066407283,0.0673591274310735,0.192740868384852,2.66829293966293,2610035,"result/fits/scenario_17_n1000_J36_K4/replicate_035.rds"
17,36,1000,72,36,4,4,0.971737276087575,0.0677663881627746,0.220117473775213,2.67131099303563,2610036,"result/fits/scenario_17_n1000_J36_K4/replicate_036.rds"
17,37,1000,72,36,4,4,0.938547056221269,0.071181247467652,0.198906623503671,2.66869047482808,2610037,"result/fits/scenario_17_n1000_J36_K4/replicate_037.rds"
17,38,1000,72,36,4,4,1,0.0676995603081449,0.197553825507291,2.66149431069692,2610038,"result/fits/scenario_17_n1000_J36_K4/replicate_038.rds"
17,39,1000,72,36,4,4,1,0.072004684304115,0.20897711320012,2.76444835265477,2610039,"result/fits/scenario_17_n1000_J36_K4/replicate_039.rds"
17,40,1000,72,36,4,4,0.995991493686132,0.0727462590345977,0.219916416294513,2.60819180011749,2610040,"result/fits/scenario_17_n1000_J36_K4/replicate_040.rds"
17,41,1000,72,36,4,4,0.967582375770489,0.0738735713855213,0.181978962118012,2.60064051151276,2610041,"result/fits/scenario_17_n1000_J36_K4/replicate_041.rds"
17,42,1000,72,36,4,4,1,0.0699172536623944,0.236861545235437,2.52344362338384,2610042,"result/fits/scenario_17_n1000_J36_K4/replicate_042.rds"
17,43,1000,72,36,4,4,0.917760617760618,0.0721940735854811,0.212962394233952,2.84742712577184,2610043,"result/fits/scenario_17_n1000_J36_K4/replicate_043.rds"
17,44,1000,72,36,4,4,0.995991493686132,0.0642496104671034,0.139082877070247,2.60418657461802,2610044,"result/fits/scenario_17_n1000_J36_K4/replicate_044.rds"
17,45,1000,72,36,4,4,0.971737276087575,0.0693131148808703,0.207301737343774,2.60463417371114,2610045,"result/fits/scenario_17_n1000_J36_K4/replicate_045.rds"
17,46,1000,72,36,4,4,0.971737276087575,0.0726038175900079,0.188861119415226,2.59107697407405,2610046,"result/fits/scenario_17_n1000_J36_K4/replicate_046.rds"
17,47,1000,72,36,4,4,0.878513128134527,0.0746871808231454,0.198949151167865,2.65630991458893,2610047,"result/fits/scenario_17_n1000_J36_K4/replicate_047.rds"
17,48,1000,72,36,4,4,0.967582375770489,0.0693787553390899,0.210327167276014,2.59651535749435,2610048,"result/fits/scenario_17_n1000_J36_K4/replicate_048.rds"
17,49,1000,72,36,4,4,0.967582375770489,0.0703650389776637,0.178512840195326,2.60454301834106,2610049,"result/fits/scenario_17_n1000_J36_K4/replicate_049.rds"
17,50,1000,72,36,4,4,0.963397170297672,0.0703307555338025,0.144455889647259,2.59994991223017,2610050,"result/fits/scenario_17_n1000_J36_K4/replicate_050.rds"
17,51,1000,72,36,4,4,0.946740782058433,0.0712482342412436,0.170188275443793,2.62862348159154,2610051,"result/fits/scenario_17_n1000_J36_K4/replicate_051.rds"
17,52,1000,72,36,4,4,0.971737276087575,0.071912416444861,0.273295837096446,2.63783237934113,2610052,"result/fits/scenario_17_n1000_J36_K4/replicate_052.rds"
17,53,1000,72,36,4,4,0.967582375770489,0.0677070022108237,0.231595904307919,2.64277483622233,2610053,"result/fits/scenario_17_n1000_J36_K4/replicate_053.rds"
17,54,1000,72,36,4,4,0.938092193222112,0.0748164801243574,0.192335829570375,2.6334702650706,2610054,"result/fits/scenario_17_n1000_J36_K4/replicate_054.rds"
17,55,1000,72,36,4,4,0.995991493686132,0.0718623051423509,0.159134286678788,2.63407922188441,2610055,"result/fits/scenario_17_n1000_J36_K4/replicate_055.rds"
17,56,1000,72,36,4,4,0.995991493686132,0.0704485234902395,0.196185342373666,2.6682186404864,2610056,"result/fits/scenario_17_n1000_J36_K4/replicate_056.rds"
17,57,1000,72,36,4,4,0.971737276087575,0.0759357035126793,0.146963996290145,2.67520958979925,2610057,"result/fits/scenario_17_n1000_J36_K4/replicate_057.rds"
17,58,1000,72,36,4,4,0.995991493686132,0.0688666784040331,0.179960198861268,2.64356430768967,2610058,"result/fits/scenario_17_n1000_J36_K4/replicate_058.rds"
17,59,1000,72,36,4,4,0.963397170297672,0.0718215090142836,0.179171356083454,2.63219715754191,2610059,"result/fits/scenario_17_n1000_J36_K4/replicate_059.rds"
17,60,1000,72,36,4,4,0.938547056221269,0.069290377340308,0.206090804649028,2.62298849423726,2610060,"result/fits/scenario_17_n1000_J36_K4/replicate_060.rds"
17,61,1000,72,36,4,4,0.942853857652064,0.0715701957132228,0.161699003720118,2.62416088183721,2610061,"result/fits/scenario_17_n1000_J36_K4/replicate_061.rds"
17,62,1000,72,36,4,4,0.971737276087575,0.0676036364688774,0.183761610130687,2.61183922290802,2610062,"result/fits/scenario_17_n1000_J36_K4/replicate_062.rds"
17,63,1000,72,36,4,4,0.971737276087575,0.0711861911884893,0.126798788423487,2.61256803274155,2610063,"result/fits/scenario_17_n1000_J36_K4/replicate_063.rds"
17,64,1000,72,36,4,4,0.938547056221269,0.0667788223110759,0.189564898341673,2.59943227767944,2610064,"result/fits/scenario_17_n1000_J36_K4/replicate_064.rds"
17,65,1000,72,36,4,4,0.971737276087575,0.069746626424158,0.132725196625246,2.61462153593699,2610065,"result/fits/scenario_17_n1000_J36_K4/replicate_065.rds"
17,66,1000,72,36,4,4,0.934208494208494,0.0702188048169203,0.210016690877494,2.64013289213181,2610066,"result/fits/scenario_17_n1000_J36_K4/replicate_066.rds"
17,67,1000,72,36,4,4,0.938547056221269,0.0728881476029922,0.218385518056231,2.6434734861056,2610067,"result/fits/scenario_17_n1000_J36_K4/replicate_067.rds"
17,68,1000,72,36,4,4,0.995991493686132,0.0653995156837751,0.235276887691079,2.85171507994334,2610068,"result/fits/scenario_17_n1000_J36_K4/replicate_068.rds"
17,69,1000,72,36,4,4,0.971737276087575,0.0705037354799175,0.233762968056629,2.60673914750417,2610069,"result/fits/scenario_17_n1000_J36_K4/replicate_069.rds"
17,70,1000,72,36,4,4,0.882260038693884,0.0793006457234968,0.180132844705015,2.60655089616776,2610070,"result/fits/scenario_17_n1000_J36_K4/replicate_070.rds"
17,71,1000,72,36,4,4,1,0.0690533852274282,0.182226832420994,2.60155693689982,2610071,"result/fits/scenario_17_n1000_J36_K4/replicate_071.rds"
17,72,1000,72,36,4,4,0.971737276087575,0.0684621734039413,0.173196253603496,2.61562817891439,2610072,"result/fits/scenario_17_n1000_J36_K4/replicate_072.rds"
17,73,1000,72,36,4,4,0.971737276087575,0.0657637893339762,0.171971682183512,2.5982578754425,2610073,"result/fits/scenario_17_n1000_J36_K4/replicate_073.rds"
17,74,1000,72,36,4,4,1,0.0690424209909098,0.198303793166394,2.6790287176768,2610074,"result/fits/scenario_17_n1000_J36_K4/replicate_074.rds"
17,75,1000,72,36,4,4,0.967582375770489,0.073792002655394,0.221168177835857,2.67721634308497,2610075,"result/fits/scenario_17_n1000_J36_K4/replicate_075.rds"
17,76,1000,72,36,4,4,0.971737276087575,0.0703061810072374,0.246485204743314,2.66743436257044,2610076,"result/fits/scenario_17_n1000_J36_K4/replicate_076.rds"
17,77,1000,72,36,4,4,0.883141312015048,0.0710949978310325,0.241449344818655,2.66385654608409,2610077,"result/fits/scenario_17_n1000_J36_K4/replicate_077.rds"
17,78,1000,72,36,4,4,1,0.0663030483540374,0.155274423344916,2.6744304339091,2610078,"result/fits/scenario_17_n1000_J36_K4/replicate_078.rds"
17,79,1000,72,36,4,4,0.971737276087575,0.0626362471803937,0.196124693165119,2.67843142350515,2610079,"result/fits/scenario_17_n1000_J36_K4/replicate_079.rds"
17,80,1000,72,36,4,4,0.963397170297672,0.0674770006877297,0.230029639316865,2.68096344073613,2610080,"result/fits/scenario_17_n1000_J36_K4/replicate_080.rds"
17,81,1000,72,36,4,4,0.942853857652064,0.0712473459181116,0.230685469566058,2.67085906267166,2610081,"result/fits/scenario_17_n1000_J36_K4/replicate_081.rds"
17,82,1000,72,36,4,4,0.959477969713112,0.076974450909886,0.240026540298662,2.68518976370494,2610082,"result/fits/scenario_17_n1000_J36_K4/replicate_082.rds"
17,83,1000,72,36,4,4,1,0.0661589397478059,0.24901396503109,2.66900247335434,2610083,"result/fits/scenario_17_n1000_J36_K4/replicate_083.rds"
17,84,1000,72,36,4,4,0.938092193222112,0.0700849649896003,0.16636861716959,2.67079863150914,2610084,"result/fits/scenario_17_n1000_J36_K4/replicate_084.rds"
17,85,1000,72,36,4,4,0.971737276087575,0.0779639532823814,0.18264320507888,2.64555399417877,2610085,"result/fits/scenario_17_n1000_J36_K4/replicate_085.rds"
17,86,1000,72,36,4,4,0.995991493686132,0.0700512362864185,0.197692094814685,2.88078293800354,2610086,"result/fits/scenario_17_n1000_J36_K4/replicate_086.rds"
17,87,1000,72,36,4,4,0.971737276087575,0.0795407453082173,0.223970879273849,2.62895977894465,2610087,"result/fits/scenario_17_n1000_J36_K4/replicate_087.rds"
17,88,1000,72,36,4,4,0.995991493686132,0.0688283533596313,0.207799767985237,2.67881659269333,2610088,"result/fits/scenario_17_n1000_J36_K4/replicate_088.rds"
17,89,1000,72,36,4,4,0.942853857652064,0.0770872814372437,0.174694460567036,2.59508405129115,2610089,"result/fits/scenario_17_n1000_J36_K4/replicate_089.rds"
17,90,1000,72,36,4,4,0.995991493686132,0.0756329170687828,0.182085306390132,2.60794089635213,2610090,"result/fits/scenario_17_n1000_J36_K4/replicate_090.rds"
17,91,1000,72,36,4,4,1,0.0669905326254094,0.160611440884491,2.75933901071548,2610091,"result/fits/scenario_17_n1000_J36_K4/replicate_091.rds"
17,92,1000,72,36,4,4,0.995991493686132,0.07594467383794,0.157861760021652,2.738873898983,2610092,"result/fits/scenario_17_n1000_J36_K4/replicate_092.rds"
17,93,1000,72,36,4,4,1,0.0728842383582242,0.152224450033025,2.74569633404414,2610093,"result/fits/scenario_17_n1000_J36_K4/replicate_093.rds"
17,94,1000,72,36,4,4,0.971737276087575,0.0759577359592389,0.170887802252852,2.73796444336573,2610094,"result/fits/scenario_17_n1000_J36_K4/replicate_094.rds"
17,95,1000,72,36,4,4,1,0.0717678891431166,0.165347071768016,2.73139048814774,2610095,"result/fits/scenario_17_n1000_J36_K4/replicate_095.rds"
17,96,1000,72,36,4,4,0.967582375770489,0.0683685553497057,0.162146738025144,2.7367690483729,2610096,"result/fits/scenario_17_n1000_J36_K4/replicate_096.rds"
17,97,1000,72,36,4,4,0.995991493686132,0.0679988375641267,0.185439596257677,2.74042290449142,2610097,"result/fits/scenario_17_n1000_J36_K4/replicate_097.rds"
17,98,1000,72,36,4,4,0.971737276087575,0.0697810575432366,0.208580209207481,2.73426024913788,2610098,"result/fits/scenario_17_n1000_J36_K4/replicate_098.rds"
17,99,1000,72,36,4,4,0.947129245985527,0.0698396808507962,0.205182739283051,2.73817963202794,2610099,"result/fits/scenario_17_n1000_J36_K4/replicate_099.rds"
17,100,1000,72,36,4,4,0.971531132453745,0.0700835072018282,0.16046972856672,2.73274139165878,2610100,"result/fits/scenario_17_n1000_J36_K4/replicate_100.rds"
18,1,2000,72,36,4,4,1,0.0556929718975969,0.150753666006305,5.3268457253774,2710001,"result/fits/scenario_18_n2000_J36_K4/replicate_001.rds"
18,2,2000,72,36,4,4,1,0.051704371467614,0.134195929195234,5.33204905986786,2710002,"result/fits/scenario_18_n2000_J36_K4/replicate_002.rds"
18,3,2000,72,36,4,4,0.995991493686132,0.0598567264082893,0.135902300438877,5.31794687906901,2710003,"result/fits/scenario_18_n2000_J36_K4/replicate_003.rds"
18,4,2000,72,36,4,4,0.967582375770489,0.0566659685614253,0.110894310713942,5.31642078955968,2710004,"result/fits/scenario_18_n2000_J36_K4/replicate_004.rds"
18,5,2000,72,36,4,4,0.971737276087575,0.0503631199213078,0.124021179197623,5.156769434611,2710005,"result/fits/scenario_18_n2000_J36_K4/replicate_005.rds"
18,6,2000,72,36,4,4,1,0.0598837737436617,0.14204296647194,5.49997976620992,2710006,"result/fits/scenario_18_n2000_J36_K4/replicate_006.rds"
18,7,2000,72,36,4,4,1,0.0560859475073581,0.160725504064214,5.30576313734055,2710007,"result/fits/scenario_18_n2000_J36_K4/replicate_007.rds"
18,8,2000,72,36,4,4,1,0.0557508453934599,0.126804669472426,5.29477982918421,2710008,"result/fits/scenario_18_n2000_J36_K4/replicate_008.rds"
18,9,2000,72,36,4,4,0.995991493686132,0.0557329703002976,0.139444773358841,5.30304443041484,2710009,"result/fits/scenario_18_n2000_J36_K4/replicate_009.rds"
18,10,2000,72,36,4,4,1,0.0555482798958255,0.123922411438016,5.32491854826609,2710010,"result/fits/scenario_18_n2000_J36_K4/replicate_010.rds"
18,11,2000,72,36,4,4,0.951373563655734,0.056211617288613,0.135431815625734,5.32641545534134,2710011,"result/fits/scenario_18_n2000_J36_K4/replicate_011.rds"
18,12,2000,72,36,4,4,0.971737276087575,0.0572764506724919,0.21171145335938,5.28089735905329,2710012,"result/fits/scenario_18_n2000_J36_K4/replicate_012.rds"
18,13,2000,72,36,4,4,1,0.0549320366258507,0.162222114846861,5.30648446877797,2710013,"result/fits/scenario_18_n2000_J36_K4/replicate_013.rds"
18,14,2000,72,36,4,4,0.971737276087575,0.0506871331162538,0.146820074750729,5.30432112614314,2710014,"result/fits/scenario_18_n2000_J36_K4/replicate_014.rds"
18,15,2000,72,36,4,4,1,0.0588687306949655,0.099665650474147,5.74963062604268,2710015,"result/fits/scenario_18_n2000_J36_K4/replicate_015.rds"
18,16,2000,72,36,4,4,1,0.0469076459224201,0.116223429642427,5.53508961200714,2710016,"result/fits/scenario_18_n2000_J36_K4/replicate_016.rds"
18,17,2000,72,36,4,4,0.971737276087575,0.0543737301451353,0.176445779614556,5.54086320002874,2710017,"result/fits/scenario_18_n2000_J36_K4/replicate_017.rds"
18,18,2000,72,36,4,4,0.971737276087575,0.0563785557264779,0.0955188641197139,5.54329406023025,2710018,"result/fits/scenario_18_n2000_J36_K4/replicate_018.rds"
18,19,2000,72,36,4,4,1,0.048747140150137,0.114659152673954,5.52620104551315,2710019,"result/fits/scenario_18_n2000_J36_K4/replicate_019.rds"
18,20,2000,72,36,4,4,0.971737276087575,0.0598898934918296,0.145265102710324,5.56673607428869,2710020,"result/fits/scenario_18_n2000_J36_K4/replicate_020.rds"
18,21,2000,72,36,4,4,1,0.0561143409974871,0.141596612900909,5.52612315018972,2710021,"result/fits/scenario_18_n2000_J36_K4/replicate_021.rds"
18,22,2000,72,36,4,4,1,0.0532870676545615,0.169517018252655,5.8734289209048,2710022,"result/fits/scenario_18_n2000_J36_K4/replicate_022.rds"
18,23,2000,72,36,4,4,1,0.0579928358514119,0.151433641986947,5.84334871371587,2710023,"result/fits/scenario_18_n2000_J36_K4/replicate_023.rds"
18,24,2000,72,36,4,4,0.971737276087575,0.0554878988226946,0.146962264220192,5.84926472902298,2710024,"result/fits/scenario_18_n2000_J36_K4/replicate_024.rds"
18,25,2000,72,36,4,4,1,0.0512747619790821,0.154289041605486,5.83988924423854,2710025,"result/fits/scenario_18_n2000_J36_K4/replicate_025.rds"
18,26,2000,72,36,4,4,1,0.0575604451333344,0.111354779444612,5.8445170044899,2710026,"result/fits/scenario_18_n2000_J36_K4/replicate_026.rds"
18,27,2000,72,36,4,4,0.971737276087575,0.0536925452955579,0.194346379183046,5.85445609092712,2710027,"result/fits/scenario_18_n2000_J36_K4/replicate_027.rds"
18,28,2000,72,36,4,4,0.995991493686132,0.0516897298045215,0.174293682876407,5.83374601602554,2710028,"result/fits/scenario_18_n2000_J36_K4/replicate_028.rds"
18,29,2000,72,36,4,4,0.967345061515465,0.0556002815771612,0.127073279942912,5.85933748483658,2710029,"result/fits/scenario_18_n2000_J36_K4/replicate_029.rds"
18,30,2000,72,36,4,4,1,0.057347676826687,0.16745731578321,5.82764730453491,2710030,"result/fits/scenario_18_n2000_J36_K4/replicate_030.rds"
18,31,2000,72,36,4,4,1,0.0563135822696974,0.143643034131464,5.84228667418162,2710031,"result/fits/scenario_18_n2000_J36_K4/replicate_031.rds"
18,32,2000,72,36,4,4,0.971737276087575,0.0526819439109199,0.139781558297663,5.45537863572439,2710032,"result/fits/scenario_18_n2000_J36_K4/replicate_032.rds"
18,33,2000,72,36,4,4,1,0.0495535382548285,0.12619426340666,5.43738695780436,2710033,"result/fits/scenario_18_n2000_J36_K4/replicate_033.rds"
18,34,2000,72,36,4,4,1,0.0489817624755504,0.1348515418623,5.46395183801651,2710034,"result/fits/scenario_18_n2000_J36_K4/replicate_034.rds"
18,35,2000,72,36,4,4,0.971737276087575,0.054382193495363,0.129594050840599,5.43375711043676,2710035,"result/fits/scenario_18_n2000_J36_K4/replicate_035.rds"
18,36,2000,72,36,4,4,1,0.0532584221060189,0.120644126225602,5.4437841852506,2710036,"result/fits/scenario_18_n2000_J36_K4/replicate_036.rds"
18,37,2000,72,36,4,4,0.971531132453745,0.0544565135717538,0.190171745066901,5.43826506535212,2710037,"result/fits/scenario_18_n2000_J36_K4/replicate_037.rds"
18,38,2000,72,36,4,4,0.971737276087575,0.054617685634126,0.153134622592412,5.45472076336543,2710038,"result/fits/scenario_18_n2000_J36_K4/replicate_038.rds"
18,39,2000,72,36,4,4,1,0.0474737608194844,0.150081665799706,5.4500479777654,2710039,"result/fits/scenario_18_n2000_J36_K4/replicate_039.rds"
18,40,2000,72,36,4,4,1,0.0512354801753487,0.176828598833436,5.43233155012131,2710040,"result/fits/scenario_18_n2000_J36_K4/replicate_040.rds"
18,41,2000,72,36,4,4,0.995991493686132,0.0528561784054489,0.125054122087154,5.44746123154958,2710041,"result/fits/scenario_18_n2000_J36_K4/replicate_041.rds"
18,42,2000,72,36,4,4,0.995991493686132,0.0560554849433929,0.134602101614036,5.36885172923406,2710042,"result/fits/scenario_18_n2000_J36_K4/replicate_042.rds"
18,43,2000,72,36,4,4,1,0.0557368967572247,0.134296718878308,5.33830494085948,2710043,"result/fits/scenario_18_n2000_J36_K4/replicate_043.rds"
18,44,2000,72,36,4,4,1,0.0595930594939579,0.165762696386368,5.36010933717092,2710044,"result/fits/scenario_18_n2000_J36_K4/replicate_044.rds"
18,45,2000,72,36,4,4,0.995991493686132,0.0582587045027174,0.161354778598279,5.33278668324153,2710045,"result/fits/scenario_18_n2000_J36_K4/replicate_045.rds"
18,46,2000,72,36,4,4,0.971737276087575,0.0574688536405642,0.162301332239723,5.34398339589437,2710046,"result/fits/scenario_18_n2000_J36_K4/replicate_046.rds"
18,47,2000,72,36,4,4,1,0.0547379062307044,0.152469835899039,5.35278596480687,2710047,"result/fits/scenario_18_n2000_J36_K4/replicate_047.rds"
18,48,2000,72,36,4,4,1,0.0525798210803506,0.141669549088046,5.36796065966288,2710048,"result/fits/scenario_18_n2000_J36_K4/replicate_048.rds"
18,49,2000,72,36,4,4,0.971737276087575,0.0540015051923139,0.100241543883244,5.36310399770737,2710049,"result/fits/scenario_18_n2000_J36_K4/replicate_049.rds"
18,50,2000,72,36,4,4,1,0.0591021210747283,0.112565729153909,5.34049988190333,2710050,"result/fits/scenario_18_n2000_J36_K4/replicate_050.rds"
18,51,2000,72,36,4,4,0.995991493686132,0.0539167424204534,0.194318203838898,5.34641112486521,2710051,"result/fits/scenario_18_n2000_J36_K4/replicate_051.rds"
18,52,2000,72,36,4,4,1,0.0535803199456341,0.153989392003112,5.34883366028468,2710052,"result/fits/scenario_18_n2000_J36_K4/replicate_052.rds"
18,53,2000,72,36,4,4,1,0.0577730915030672,0.09495307789206,5.14757052262624,2710053,"result/fits/scenario_18_n2000_J36_K4/replicate_053.rds"
18,54,2000,72,36,4,4,1,0.0565682296461306,0.151769142951317,5.13462554613749,2710054,"result/fits/scenario_18_n2000_J36_K4/replicate_054.rds"
18,55,2000,72,36,4,4,1,0.0537842888740395,0.133677526401009,5.14764583508174,2710055,"result/fits/scenario_18_n2000_J36_K4/replicate_055.rds"
18,56,2000,72,36,4,4,1,0.0528394472729421,0.151859802551379,5.14188865820567,2710056,"result/fits/scenario_18_n2000_J36_K4/replicate_056.rds"
18,57,2000,72,36,4,4,1,0.0520107150398384,0.142333599717156,5.15419958432515,2710057,"result/fits/scenario_18_n2000_J36_K4/replicate_057.rds"
18,58,2000,72,36,4,4,0.971737276087575,0.0548870415501152,0.146487871806118,5.65984145800273,2710058,"result/fits/scenario_18_n2000_J36_K4/replicate_058.rds"
18,59,2000,72,36,4,4,1,0.0542825405856667,0.212081304210786,5.65002830823263,2710059,"result/fits/scenario_18_n2000_J36_K4/replicate_059.rds"
18,60,2000,72,36,4,4,0.971737276087575,0.05162470794397,0.141761097657315,5.63493694464366,2710060,"result/fits/scenario_18_n2000_J36_K4/replicate_060.rds"
18,61,2000,72,36,4,4,1,0.051172380051414,0.138409727060092,5.64590915044149,2710061,"result/fits/scenario_18_n2000_J36_K4/replicate_061.rds"
18,62,2000,72,36,4,4,1,0.0523777672797034,0.145632814047878,5.64058329661687,2710062,"result/fits/scenario_18_n2000_J36_K4/replicate_062.rds"
18,63,2000,72,36,4,4,1,0.0541989944922761,0.143273338573527,5.65460708538691,2710063,"result/fits/scenario_18_n2000_J36_K4/replicate_063.rds"
18,64,2000,72,36,4,4,1,0.0507873806778536,0.167714936100856,5.63293016751607,2710064,"result/fits/scenario_18_n2000_J36_K4/replicate_064.rds"
18,65,2000,72,36,4,4,0.995991493686132,0.0547946760370652,0.161791499168423,5.66081974903743,2710065,"result/fits/scenario_18_n2000_J36_K4/replicate_065.rds"
18,66,2000,72,36,4,4,1,0.0537761785847446,0.153666162939486,5.62926028966904,2710066,"result/fits/scenario_18_n2000_J36_K4/replicate_066.rds"
18,67,2000,72,36,4,4,1,0.0544497951599174,0.165883772884495,5.62025456428528,2710067,"result/fits/scenario_18_n2000_J36_K4/replicate_067.rds"
18,68,2000,72,36,4,4,1,0.0520469679589927,0.128373269069292,5.62722859779994,2710068,"result/fits/scenario_18_n2000_J36_K4/replicate_068.rds"
18,69,2000,72,36,4,4,1,0.0561334070687672,0.134666918339219,5.64551762739817,2710069,"result/fits/scenario_18_n2000_J36_K4/replicate_069.rds"
18,70,2000,72,36,4,4,0.971737276087575,0.0525310471896177,0.161947358698559,5.63747060696284,2710070,"result/fits/scenario_18_n2000_J36_K4/replicate_070.rds"
18,71,2000,72,36,4,4,1,0.0498593623315596,0.151626843764,5.6566868185997,2710071,"result/fits/scenario_18_n2000_J36_K4/replicate_071.rds"
18,72,2000,72,36,4,4,1,0.0565638760637697,0.13844612164298,5.65488611857096,2710072,"result/fits/scenario_18_n2000_J36_K4/replicate_072.rds"
18,73,2000,72,36,4,4,1,0.0563250373255027,0.167831003075121,5.66670913298925,2710073,"result/fits/scenario_18_n2000_J36_K4/replicate_073.rds"
18,74,2000,72,36,4,4,0.995991493686132,0.0546424462426211,0.157378870150567,5.32304341395696,2710074,"result/fits/scenario_18_n2000_J36_K4/replicate_074.rds"
18,75,2000,72,36,4,4,1,0.053471562384009,0.167992791010153,5.35738798777262,2710075,"result/fits/scenario_18_n2000_J36_K4/replicate_075.rds"
18,76,2000,72,36,4,4,1,0.0503210060445605,0.174427879285811,5.37559491793315,2710076,"result/fits/scenario_18_n2000_J36_K4/replicate_076.rds"
18,77,2000,72,36,4,4,0.967582375770489,0.0511801823032482,0.109491930034614,5.37135742108027,2710077,"result/fits/scenario_18_n2000_J36_K4/replicate_077.rds"
18,78,2000,72,36,4,4,0.995991493686132,0.052753443755478,0.101233287890348,5.36766557693481,2710078,"result/fits/scenario_18_n2000_J36_K4/replicate_078.rds"
18,79,2000,72,36,4,4,1,0.0522575971315693,0.139609877472009,5.35540163516998,2710079,"result/fits/scenario_18_n2000_J36_K4/replicate_079.rds"
18,80,2000,72,36,4,4,1,0.0493302103794404,0.157436191050517,5.35538616577784,2710080,"result/fits/scenario_18_n2000_J36_K4/replicate_080.rds"
18,81,2000,72,36,4,4,1,0.05043876411085,0.137022630824685,5.36352074940999,2710081,"result/fits/scenario_18_n2000_J36_K4/replicate_081.rds"
18,82,2000,72,36,4,4,1,0.0527121154391964,0.140415630858455,5.26142615874608,2710082,"result/fits/scenario_18_n2000_J36_K4/replicate_082.rds"
18,83,2000,72,36,4,4,0.995991493686132,0.0553134681012215,0.124252874004344,5.29250847101212,2710083,"result/fits/scenario_18_n2000_J36_K4/replicate_083.rds"
18,84,2000,72,36,4,4,1,0.0517881115029971,0.109260875021458,5.27979417244593,2710084,"result/fits/scenario_18_n2000_J36_K4/replicate_084.rds"
18,85,2000,72,36,4,4,1,0.0490111578284614,0.157657196433722,5.29793551762899,2710085,"result/fits/scenario_18_n2000_J36_K4/replicate_085.rds"
18,86,2000,72,36,4,4,1,0.0550231791847831,0.126089710523484,5.30959140857061,2710086,"result/fits/scenario_18_n2000_J36_K4/replicate_086.rds"
18,87,2000,72,36,4,4,0.995991493686132,0.0569484958931162,0.123489981203953,5.2724106391271,2710087,"result/fits/scenario_18_n2000_J36_K4/replicate_087.rds"
18,88,2000,72,36,4,4,1,0.0546286283813953,0.164273057777399,5.2714733282725,2710088,"result/fits/scenario_18_n2000_J36_K4/replicate_088.rds"
18,89,2000,72,36,4,4,0.995991493686132,0.0537664792590946,0.103802332701232,5.27093261480331,2710089,"result/fits/scenario_18_n2000_J36_K4/replicate_089.rds"
18,90,2000,72,36,4,4,0.995991493686132,0.053000116149136,0.144239242406976,5.29629391431808,2710090,"result/fits/scenario_18_n2000_J36_K4/replicate_090.rds"
18,91,2000,72,36,4,4,0.971737276087575,0.0572719392612028,0.108041534133109,5.16897934675217,2710091,"result/fits/scenario_18_n2000_J36_K4/replicate_091.rds"
18,92,2000,72,36,4,4,1,0.0537256681349545,0.111897361515979,5.17375139395396,2710092,"result/fits/scenario_18_n2000_J36_K4/replicate_092.rds"
18,93,2000,72,36,4,4,0.967582375770489,0.0598671656591354,0.153563387188717,5.20035013357798,2710093,"result/fits/scenario_18_n2000_J36_K4/replicate_093.rds"
18,94,2000,72,36,4,4,0.971737276087575,0.0535949542250339,0.133889265650444,5.16872376203537,2710094,"result/fits/scenario_18_n2000_J36_K4/replicate_094.rds"
18,95,2000,72,36,4,4,0.934208494208494,0.0552005556175106,0.1497382240939,5.15108361641566,2710095,"result/fits/scenario_18_n2000_J36_K4/replicate_095.rds"
18,96,2000,72,36,4,4,1,0.0526341976383581,0.141195662654017,5.14080349206924,2710096,"result/fits/scenario_18_n2000_J36_K4/replicate_096.rds"
18,97,2000,72,36,4,4,0.971737276087575,0.0558484432855396,0.118444779001412,5.41344561974208,2710097,"result/fits/scenario_18_n2000_J36_K4/replicate_097.rds"
18,98,2000,72,36,4,4,1,0.0537224665071024,0.141990723399818,5.66225205262502,2710098,"result/fits/scenario_18_n2000_J36_K4/replicate_098.rds"
18,99,2000,72,36,4,4,1,0.0530432867073599,0.139956083547569,5.43478720585505,2710099,"result/fits/scenario_18_n2000_J36_K4/replicate_099.rds"
18,100,2000,72,36,4,4,0.971737276087575,0.0550162610240502,0.133875458957558,5.17163925170898,2710100,"result/fits/scenario_18_n2000_J36_K4/replicate_100.rds"
